position,original_char,replacement_char,original_word,perturbed_word,word_freq,perturbed_freq
0,中,忠,中国,忠国,20800,0
1,个,各,一个,一各,14404,0
0,美,每,美国,每国,11073,0
0,自,字,自己,字己,8939,0
0,可,渴,可能,渴能,8367,0
0,没,媒,没有,媒有,8201,0
0,这,浙,这个,浙个,6950,0
1,些,歇,这些,这歇,6681,0
0,可,渴,可以,渴以,6234,0
0,朝,潮,朝鲜,潮鲜,5748,0
1,千,签,二千,二签,5623,0
1,示,士,表示,表士,5438,0
0,一,移,一些,移些,5336,0
0,已,以,已经,以经,5263,0
1,家,加,国家,国加,5135,0
1,题,提,问题,问提,4999,0
0,政,症,政府,症府,4994,0
1,种,肿,这种,这肿,4489,0
1,果,嚴,如果,如嚴,4269,0
0,公,工,公司,工司,4267,0
0,其,祈,其他,祈他,4245,0
1,为,味,认为,认味,4030,0
1,是,事,不是,不事,3997,1
1,行,航,进行,进航,3976,0
1,始,使,开始,开使,3969,0
0,因,姻,因为,姻为,3695,0
0,这,浙,这样,浙样,3450,0
0,工,公,工作,公作,3441,0
0,现,限,现在,限在,3440,0
1,在,再,正在,正再,3260,0
0,一,移,一千,移千,3161,0
1,种,肿,一种,一肿,3161,0
1,是,世,但是,但世,3102,0
0,人,仁,人们,仁们,3102,0
0,一,無,一直,無直,3097,0
1,要,药,需要,需药,3071,0
1,京,经,北京,北经,3047,0
1,统,桶,总统,总桶,3016,0
0,官,关,官员,关员,2976,0
1,名,明,一名,一明,2970,0
0,韩,寒,韩国,寒国,2923,0
0,什,十,什么,十么,2884,0
0,经,惊,经济,惊济,2851,0
0,九,酒,九百,酒百,2836,0
0,研,严,研究,严究,2829,0
1,是,事,就是,就事,2821,0
0,以,已,以及,已及,2810,0
0,知,织,知道,织道,2762,0
0,香,相,香港,相港,2757,0
1,治,至,政治,政至,2747,0
1,多,咄,许多,许咄,2691,0
1,多,咄,很多,很咄,2681,0
0,它,捐,它们,捐们,2546,0
0,成,城,成为,城为,2530,1
1,括,扩,包括,包扩,2523,0
1,些,歇,那些,那歇,2501,0
0,生,声,生活,声活,2446,0
1,界,届,世界,世届,2404,0
1,生,升,发生,发升,2402,0
0,任,认,任何,认何,2387,0
0,时,十,时间,十间,2343,1
0,其,奇,其中,奇中,2339,0
1,望,妄,希望,希妄,2329,0
1,候,后,时候,时后,2312,0
1,里,理,这里,这理,2295,0
0,所,锁,所有,锁有,2271,0
1,方,芳,地方,地芳,2251,0
0,提,题,提供,题供,2241,0
1,现,献,发现,发献,2233,0
0,不,部,不会,部会,2215,0
1,乎,忽,似乎,似忽,2180,0
1,生,升,学生,学升,2176,0
1,现,限,出现,出限,2170,0
0,要,药,要求,药求,2106,0
0,情,擎,情况,擎况,2092,0
1,常,尝,非常,非尝,2069,0
0,重,崇,重要,崇要,2061,0
0,来,它,来说,它说,2056,0
1,动,栋,活动,活栋,2036,0
1,次,刺,一次,一刺,1999,0
0,这,浙,这是,浙是,1983,0
1,子,紫,孩子,孩紫,1973,0
0,接,阶,接受,阶受,1972,0
0,一,遗,一样,遗样,1971,0
0,不,部,不过,部过,1947,0
1,到,道,看到,看道,1942,0
1,响,想,影响,影想,1936,0
1,性,姓,女性,女姓,1936,0
0,作,座,作为,座为,1908,0
0,支,之,支持,之持,1899,0
0,使,無,使用,無用,1897,1
0,台,將,台湾,將湾,1895,0
0,来,莱,来自,莱自,1888,0
0,之,织,之后,织后,1879,0
0,还,环,还有,环有,1848,0
0,关,观,关系,观系,1834,0
0,应,映,应该,映该,1817,0
0,尽,近,尽管,近管,1812,0
1,间,监,之间,之监,1808,0
1,划,化,计划,计化,1806,0
0,而,儿,而且,儿且,1801,0
1,式,士,方式,方士,1787,0
0,城,承,城市,承市,1779,0
0,得,德,得到,德到,1766,0
1,前,钱,目前,目钱,1764,0
0,为,未,为了,未了,1738,0
0,之,處,之前,處前,1730,0
1,士,是,人士,人是,1723,0
1,何,和,如何,如和,1710,0
0,只,指,只是,指是,1703,0
1,至,致,甚至,甚致,1693,0
0,一,疑,一起,疑起,1687,0
0,是,示,是否,示否,1668,0
1,时,食,当时,当食,1662,0
1,去,趣,过去,过趣,1658,0
1,到,道,受到,受道,1654,0
0,感,敢,感到,敢到,1648,0
0,还,环,还是,环是,1643,0
1,得,德,获得,获德,1638,0
0,社,摄,社会,摄会,1635,0
0,觉,掘,觉得,掘得,1631,0
1,诉,素,告诉,告素,1621,0
0,方,芳,方面,芳面,1598,0
0,全,权,全球,权球,1583,0
0,那,纳,那里,纳里,1573,0
1,西,息,东西,东息,1573,0
1,全,权,安全,安权,1572,0
0,去,趣,去年,趣年,1549,0
0,之,個,之一,個一,1541,0
0,报,暴,报道,暴道,1533,0
0,必,壁,必须,壁须,1525,0
0,几,己,几乎,己乎,1518,0
1,要,药,主要,主药,1513,0
0,无,吾,无法,吾法,1513,0
0,对,队,对于,队于,1513,2
0,一,愛,一位,愛位,1512,0
1,家,加,一家,一加,1506,0
1,亡,王,死亡,死王,1503,0
1,在,再,存在,存再,1498,0
1,助,住,帮助,帮住,1491,0
0,事,示,事情,示情,1489,0
0,媒,没,媒体,没体,1469,0
1,以,已,所以,所已,1463,0
1,于,過,关于,关過,1458,0
1,同,童,不同,不童,1446,0
1,而,儿,然而,然儿,1437,0
1,定,订,决定,决订,1437,0
0,信,衅,信息,衅息,1430,0
0,那,纳,那么,纳么,1428,0
0,政,证,政策,证策,1423,0
0,最,罪,最近,罪近,1417,0
1,力,丽,努力,努丽,1415,0
0,调,条,调查,条查,1409,0
0,导,讶,导致,讶致,1402,0
0,历,力,历史,力史,1402,0
0,不,布,不能,布能,1400,0
1,个,各,两个,两各,1398,0
0,地,第,地区,第区,1394,0
0,行,航,行动,航动,1394,0
0,带,代,带来,代来,1375,0
0,病,并,病毒,并毒,1359,0
1,场,厂,一场,一厂,1358,0
0,今,金,今年,金年,1352,0
0,或,获,或者,获者,1343,0
1,有,友,拥有,拥友,1327,0
1,些,歇,有些,有歇,1324,0
0,疫,艺,疫情,艺情,1320,0
0,市,示,市场,示场,1319,0
1,少,哨,至少,至哨,1318,0
0,只,止,只有,止有,1315,0
1,后,候,然后,然候,1312,0
1,变,辩,改变,改辩,1304,0
1,明,名,表明,表名,1298,0
0,担,丹,担心,丹心,1294,0
1,择,则,选择,选则,1285,0
1,件,建,事件,事建,1281,0
1,友,有,朋友,朋有,1278,0
1,大,場,最大,最場,1276,0
1,影,種,电影,电種,1276,0
1,学,穴,大学,大穴,1275,0
0,试,是,试图,是图,1274,0
0,这,浙,这一,浙一,1268,0
1,然,燃,虽然,虽燃,1266,0
1,术,数,技术,技数,1257,0
1,项,相,一项,一相,1254,0
0,以,已,以来,已来,1241,0
0,行,航,行为,航为,1231,0
0,喜,洗,喜欢,洗欢,1230,0
0,项,象,项目,象目,1222,0
1,员,元,人员,人元,1221,0
0,威,危,威胁,危胁,1212,0
1,关,官,有关,有官,1212,0
0,完,玩,完全,玩全,1207,0
1,今,金,如今,如金,1205,0
1,后,候,最后,最候,1200,0
0,继,记,继续,记续,1199,0
1,制,至,控制,控至,1197,0
1,事,是,故事,故是,1196,0
0,因,音,因此,音此,1193,0
0,变,辩,变得,辩得,1188,0
0,她,肯,她们,肯们,1188,0
0,一,移,一点,移点,1181,0
0,进,近,进入,近入,1177,0
0,结,截,结果,截果,1176,0
0,记,技,记者,技者,1175,0
1,际,纪,国际,国纪,1172,0
1,来,它,起来,起它,1167,0
0,组,阻,组织,阻织,1146,0
1,易,意,贸易,贸意,1136,0
0,同,铜,同时,铜时,1134,0
0,由,尤,由于,尤于,1132,0
0,报,暴,报告,暴告,1131,0
0,原,员,原因,员因,1128,0
1,布,不,宣布,宣不,1127,0
1,终,中,最终,最中,1125,0
1,注,筑,关注,关筑,1122,0
1,间,奸,期间,期奸,1122,0
1,出,初,做出,做初,1119,0
1,示,是,显示,显是,1119,0
0,病,并,病例,并例,1116,0
0,学,穴,学校,穴校,1112,0
1,汉,捍,武汉,武捍,1106,0
0,文,闻,文化,闻化,1103,0
0,运,孕,运动,孕动,1101,0
1,然,燃,仍然,仍燃,1093,0
1,个,各,几个,几各,1088,0
0,企,起,企业,起业,1082,0
0,感,敢,感觉,敢觉,1080,0
1,出,初,提出,提初,1067,0
0,离,璃,离开,璃开,1059,0
1,加,家,增加,增家,1058,0
0,造,噪,造成,噪成,1057,0
0,父,副,父母,副母,1053,0
0,协,胁,协议,胁议,1053,0
0,未,为,未来,为来,1049,0
0,家,加,家庭,加庭,1045,0
0,如,儒,如此,儒此,1036,0
0,后,候,后来,候来,1034,0
0,华,滑,华为,滑为,1032,0
0,成,惩,成功,惩功,1031,0
1,加,家,更加,更家,1028,0
1,临,林,面临,面林,1027,0
1,构,购,机构,机购,1022,0
0,引,饮,引发,饮发,1019,0
1,够,默,能够,能默,1007,0
1,标,飙,目标,目飙,1004,0
1,力,例,能力,能例,1004,0
1,家,加,专家,专加,1002,0
1,束,数,结束,结数,998,0
0,这,浙,这么,浙么,996,0
1,由,邮,自由,自邮,995,0
1,加,家,参加,参家,994,0
1,制,治,限制,限治,994,0
0,移,一,移民,一民,988,0
1,常,长,通常,通长,984,1
1,心,新,中心,中新,983,1
0,一,無,一份,無份,982,0
0,新,心,新闻,心闻,979,0
1,解,姐,了解,了姐,977,0
1,如,儒,比如,比儒,974,0
0,严,研,严重,研重,972,0
1,人,仁,有人,有仁,972,0
0,部,不,部分,不分,968,6
0,父,附,父亲,附亲,967,0
1,长,常,增长,增常,966,0
1,据,巨,数据,数巨,957,0
0,采,彩,采访,彩访,950,0
1,到,道,找到,找道,946,0
0,一,疑,一年,疑年,941,0
0,尤,由,尤其,由其,940,0
1,律,绿,法律,法绿,940,0
0,指,只,指控,只控,939,0
0,程,承,程度,承度,939,0
1,护,户,保护,保户,938,0
0,采,彩,采取,彩取,936,0
0,产,阐,产生,阐生,934,0
0,感,橄,感染,橄染,929,0
1,绝,觉,拒绝,拒觉,925,0
1,时,实,小时,小实,921,0
1,备,被,准备,准被,916,0
1,行,航,举行,举航,913,0
0,官,关,官方,关方,912,0
1,到,盗,遭到,遭盗,912,0
1,切,喊,一切,一喊,911,0
1,是,世,而是,而世,907,0
0,承,成,承诺,成诺,895,0
0,十,实,十年,实年,895,0
1,议,易,抗议,抗易,895,0
0,并,病,并且,病且,894,0
1,局,橘,当局,当橘,893,0
0,批,披,批评,披评,891,0
1,國,堪,中國,中堪,891,0
0,真,针,真正,针正,889,0
0,公,工,公开,工开,888,0
0,措,错,措施,错施,887,0
1,话,画,的话,的画,887,0
1,要,耀,想要,想耀,884,0
0,那,纳,那个,纳个,883,0
0,考,烤,考虑,烤虑,882,0
1,程,成,过程,过成,881,0
0,大,場,大量,場量,880,0
0,参,餐,参与,餐与,876,0
1,地,蒂,当地,当蒂,874,0
0,健,件,健康,件康,873,0
1,常,尝,经常,经尝,862,0
0,机,击,机会,击会,861,0
0,社,當,社交,當交,861,0
1,道,到,写道,写到,859,1
1,络,落,网络,网落,858,0
0,经,京,经历,京历,857,0
1,育,预,教育,教预,857,0
0,做,作,做法,作法,854,7
0,美,每,美元,每元,853,0
0,传,船,传统,船统,848,0
1,主,瞩,民主,民瞩,842,0
1,险,显,风险,风显,833,0
0,即,集,即使,集使,832,0
0,欧,殴,欧洲,殴洲,829,0
0,保,堡,保持,堡持,823,0
0,家,加,家人,加人,822,3
1,院,怨,医院,医怨,820,0
0,科,苛,科技,苛技,820,0
0,同,童,同样,童样,820,0
0,警,井,警告,井告,818,0
0,也,野,也许,野许,815,0
0,投,头,投资,头资,810,0
1,裁,材,制裁,制材,810,0
0,合,何,合作,何作,805,0
0,根,跟,根据,跟据,804,0
1,立,利,建立,建利,804,0
0,持,迟,持续,迟续,803,0
1,大,場,巨大,巨場,801,0
0,相,香,相信,香信,800,0
0,一,移,一座,移座,800,0
1,片,骗,照片,照骗,799,0
1,对,队,反对,反队,796,0
1,机,击,手机,手击,795,0
0,这,浙,这项,浙项,794,0
0,令,另,令人,另人,793,2
0,分,芬,分析,芬析,791,0
0,公,宫,公寓,宫寓,788,0
1,易,意,容易,容意,787,0
0,或,获,或许,获许,786,0
0,纽,扭,纽约,扭约,784,0
0,往,网,往往,网往,783,0
1,民,會,公民,公會,783,0
1,新,心,重新,重心,783,35
1,报,暴,时报,时暴,782,0
1,认,任,承认,承任,781,0
0,实,十,实现,十现,773,0
1,洲,周,亚洲,亚周,771,0
0,每,美,每个,美个,769,0
1,方,芳,西方,西芳,769,0
0,不,部,不再,部再,768,0
0,那,娜,那样,娜样,768,0
1,场,厂,这场,这厂,767,0
1,天,添,一天,一添,766,0
1,来,莱,出来,出莱,766,0
1,议,意,建议,建意,766,0
0,不,步,不要,步要,763,0
1,方,芳,警方,警芳,761,0
0,男,难,男性,难性,760,0
1,代,戴,时代,时戴,760,4
0,周,州,周一,州一,756,0
0,真,针,真的,针的,756,0
0,指,止,指出,止出,756,0
0,英,卻,英国,卻国,753,0
1,然,燃,当然,当燃,753,0
1,判,時,谈判,谈時,750,0
0,不,布,不断,布断,748,0
0,产,阐,产品,阐品,743,0
1,天,添,今天,今添,740,0
0,大,場,大约,場约,739,0
1,次,刺,这次,这刺,739,0
1,现,线,表现,表线,739,0
1,对,队,针对,针队,739,0
0,代,戴,代表,戴表,738,0
1,经,精,曾经,曾精,736,0
1,力,利,压力,压利,735,0
0,作,做,作品,做品,734,1
0,每,美,每天,美天,733,0
1,楚,处,清楚,清处,731,0
1,轻,清,年轻,年清,731,0
0,导,岛,导弹,岛弹,728,0
1,亲,侵,母亲,母侵,726,0
0,利,力,利用,力用,723,0
0,相,箱,相关,箱关,723,0
1,份,分,身份,身分,723,2
1,近,禁,附近,附禁,722,0
0,联,连,联系,连系,722,0
1,筑,住,建筑,建住,720,0
1,明,名,声明,声名,719,3
1,個,侈,一個,一侈,717,0
1,快,块,很快,很块,715,0
1,众,重,公众,公重,714,0
1,們,语,我們,我语,714,0
1,战,運,挑战,挑運,711,0
1,度,渡,印度,印渡,711,0
0,变,辩,变成,辩成,710,0
1,类,累,人类,人累,710,0
1,章,张,文章,文张,709,0
0,这,浙,这座,浙座,708,0
0,一,移,一定,移定,708,0
0,周,確,周二,確二,707,0
0,伊,一,伊朗,一朗,704,0
0,权,全,权力,全力,703,38
0,再,在,再次,在次,702,0
0,类,累,类似,累似,698,0
0,患,换,患者,换者,697,0
1,店,电,酒店,酒电,695,0
0,担,单,担忧,单忧,692,0
1,意,义,愿意,愿义,692,0
1,工,公,员工,员公,692,0
0,服,弗,服务,弗务,688,0
1,于,過,位于,位過,687,0
1,统,桶,系统,系桶,687,0
0,解,姐,解释,姐释,687,0
0,主,煮,主席,煮席,686,0
0,审,沈,审查,沈查,686,0
0,人,仁,人口,仁口,686,0
0,游,現,游客,現客,684,0
1,民,會,居民,居會,681,0
0,前,钱,前往,钱往,679,0
0,整,拯,整个,拯个,679,0
1,位,为,这位,这为,677,19
0,大,場,大陆,場陆,675,0
0,减,检,减少,检少,674,0
0,不,布,不仅,布仅,674,0
1,止,只,禁止,禁只,674,0
0,变,便,变化,便化,670,0
1,其,旗,及其,及旗,670,0
1,共,贡,中共,中贡,668,0
1,容,融,内容,内融,667,0
1,争,征,战争,战征,666,0
1,对,队,应对,应队,661,0
0,访,仿,访问,仿问,660,0
1,察,查,警察,警查,659,0
1,然,燃,依然,依燃,659,0
1,险,显,危险,危显,659,0
0,回,爭,回到,爭到,657,0
0,周,洲,周三,洲三,656,0
0,购,构,购买,构买,656,0
1,宫,公,白宫,白公,656,0
1,条,結,一条,一結,656,0
1,人,仁,个人,个仁,656,0
0,除,橱,除了,橱了,652,0
1,們,於,他們,他於,652,0
0,视,市,视频,市频,651,0
1,到,道,直到,直道,651,0
0,多,咄,多年,咄年,644,0
1,决,绝,解决,解绝,641,0
0,经,京,经过,京过,635,0
0,唯,为,唯一,为一,634,0
1,布,不,发布,发不,633,0
0,领,岭,领域,岭域,633,0
1,点,典,观点,观典,632,0
0,各,个,各种,个种,625,0
0,数,述,数字,述字,624,0
0,行,航,行业,航业,624,0
1,应,映,回应,回映,623,0
1,区,曲,社区,社曲,620,0
1,家,嘉,这家,这嘉,619,0
1,举,沮,选举,选沮,619,0
1,导,蹈,领导,领蹈,611,0
0,直,职,直接,职接,611,0
0,力,立,力量,立量,610,0
1,时,十,有时,有十,610,5
0,方,芳,方法,芳法,609,0
0,才,财,才能,财能,609,0
1,境,竞,环境,环竞,608,0
1,计,纪,设计,设纪,606,0
0,传,船,传播,船播,604,0
1,病,并,疾病,疾并,603,0
0,寻,询,寻找,询找,598,0
1,值,直,价值,价直,597,0
1,员,元,成员,成元,595,0
0,电,垫,电话,垫话,593,0
1,革,隔,改革,改隔,593,0
1,弃,气,放弃,放气,591,0
1,解,姐,理解,理姐,589,0
1,次,刺,首次,首刺,589,0
1,诊,枕,确诊,确枕,587,0
0,态,太,态度,太度,586,0
1,迎,营,欢迎,欢营,584,0
1,件,健,文件,文健,584,0
1,造,它,制造,制它,583,0
1,明,名,证明,证名,582,0
1,大,場,很大,很場,581,0
0,失,施,失去,施去,580,0
1,识,十,意识,意十,579,0
0,不,部,不到,部到,578,0
0,去,趣,去世,趣世,575,0
1,述,数,描述,描数,574,0
0,名,明,名字,明字,572,0
1,厂,场,工厂,工场,571,5
0,危,給,危机,給机,570,0
0,同,童,同意,童意,570,0
1,子,紫,儿子,儿紫,568,0
1,众,重,民众,民重,567,0
1,议,意,会议,会意,567,2
1,前,钱,此前,此钱,565,0
1,人,仁,男人,男仁,565,0
1,引,饮,吸引,吸饮,565,0
1,击,机,攻击,攻机,564,0
0,加,家,加入,家入,562,0
1,种,肿,那种,那肿,561,0
1,民,會,人民,人會,560,7
0,身,申,身体,申体,559,0
0,愤,份,愤怒,份怒,559,0
0,竞,敬,竞选,敬选,558,0
0,确,却,确定,却定,557,0
0,晚,页,晚上,页上,555,0
1,有,友,具有,具友,554,0
0,明,鸣,明显,鸣显,554,0
0,达,答,达到,答到,554,0
0,袭,习,袭击,习击,553,0
0,想,响,想法,响法,553,0
0,长,常,长期,常期,551,0
0,最,罪,最好,罪好,551,0
0,空,它,空间,它间,549,0
0,上,尚,上周,尚周,548,0
1,合,和,约合,约和,548,0
0,周,州,周日,州日,547,0
1,子,紫,妻子,妻紫,546,0
0,怀,妨,怀疑,妨疑,545,0
0,冲,充,冲突,充突,545,0
1,求,球,寻求,寻球,544,0
1,术,述,艺术,艺述,544,0
1,易,裔,交易,交裔,543,0
0,一,疑,一月,疑月,543,0
0,人,仁,人数,仁数,542,0
0,完,玩,完成,玩成,541,0
1,习,袭,学习,学袭,539,0
0,指,只,指责,只责,539,0
0,每,美,每年,美年,538,0
0,只,止,只能,止能,538,0
1,定,订,肯定,肯订,537,0
1,速,诉,迅速,迅诉,536,0
0,设,涉,设备,涉备,535,0
1,对,队,面对,面队,534,0
0,像,象,像是,象是,533,4
0,地,蒂,地位,蒂位,532,0
1,人,仁,工人,工仁,532,0
0,对,队,对此,队此,531,0
0,亚,娅,亚裔,娅裔,531,0
1,好,耗,更好,更耗,531,0
1,上,尚,身上,身尚,531,0
1,金,今,资金,资今,530,0
1,泛,饭,广泛,广饭,529,0
1,格,革,价格,价革,528,0
0,反,返,反应,返应,528,0
1,理,里,处理,处里,526,0
1,免,勉,避免,避勉,526,0
1,人,仁,女人,女仁,525,0
1,示,是,展示,展是,525,0
1,立,利,独立,独利,524,0
1,前,钱,以前,以钱,524,0
0,破,迫,破坏,迫坏,523,0
1,方,坊,双方,双坊,522,0
1,击,机,打击,打机,522,0
1,是,市,总是,总市,522,0
1,止,只,阻止,阻只,522,0
1,事,士,军事,军士,521,3
0,永,勇,永远,勇远,521,0
1,物,务,食物,食务,520,0
1,出,初,发出,发初,519,0
1,儿,而,女儿,女而,519,0
0,证,正,证据,正据,519,0
1,四,它,周四,周它,519,0
1,离,黎,隔离,隔黎,518,0
0,视,事,视为,事为,518,0
1,高,糕,最高,最糕,516,0
1,业,夜,商业,商夜,516,0
1,达,答,表达,表答,516,0
0,上,尚,上海,尚海,516,0
1,度,渡,制度,制渡,516,0
1,得,德,取得,取德,510,0
0,男,难,男子,难子,509,0
1,施,失,实施,实失,509,0
0,处,楚,处于,楚于,508,0
1,到,道,来到,来道,503,0
0,作,做,作用,做用,503,0
0,你,拟,你们,拟们,502,0
1,友,有,盟友,盟有,501,0
1,厅,听,餐厅,餐听,501,0
0,显,险,显然,险然,501,0
0,引,隐,引起,隐起,500,0
0,简,减,简单,减单,499,0
0,意,义,意义,义义,498,0
1,言,研,而言,而研,498,0
1,站,战,网站,网战,498,0
0,多,咄,多少,咄少,497,0
1,疗,聊,治疗,治聊,496,0
1,是,士,正是,正士,496,0
1,税,睡,关税,关睡,496,0
1,消,销,取消,取销,496,0
0,丈,障,丈夫,障夫,496,0
1,绪,序,情绪,情序,495,0
0,达,答,达成,答成,494,0
1,五,武,周五,周武,493,0
1,个,各,三个,三各,493,0
0,言,延,言论,延论,493,0
1,识,十,认识,认十,492,0
1,身,申,本身,本申,491,0
1,子,紫,房子,房紫,491,0
1,色,瑟,角色,角瑟,491,0
0,目,幕,目的,幕的,490,0
1,到,道,提到,提道,489,0
1,意,亿,注意,注亿,489,0
1,音,因,声音,声因,489,0
1,于,過,属于,属過,486,0
1,名,明,两名,两明,485,0
0,事,是,事实,是实,485,0
1,罩,召,口罩,口召,485,0
0,其,旗,其实,旗实,484,0
1,降,酱,下降,下酱,484,0
0,生,升,生命,升命,483,0
0,律,绿,律师,绿师,482,0
0,另,令,另外,令外,481,0
0,消,销,消息,销息,481,0
1,非,菲,并非,并菲,479,0
1,想,响,不想,不响,478,0
1,大,場,重大,重場,476,0
0,正,政,正式,政式,475,0
0,补,仅,补充,仅充,473,0
1,些,歇,某些,某歇,470,0
0,紧,谨,紧张,谨张,470,0
0,基,饥,基本,饥本,470,0
0,在,再,在于,再于,469,0
1,益,议,利益,利议,468,0
0,有,友,有着,友着,468,0
0,突,凸,突然,凸然,468,0
0,全,泉,全国,泉国,467,0
0,会,惠,会面,惠面,466,0
0,十,时,十分,时分,466,29
1,围,维,范围,范维,465,0
0,从,丛,从未,丛未,465,0
1,答,达,回答,回达,465,0
0,根,跟,根本,跟本,463,0
0,充,冲,充满,冲满,461,0
1,触,处,接触,接处,461,0
1,确,却,明确,明却,461,0
1,件,见,一件,一见,461,3
1,素,诉,因素,因诉,459,0
1,户,互,用户,用互,458,0
0,现,线,现实,线实,457,0
0,网,往,网上,往上,457,5
1,闭,毕,关闭,关毕,456,0
1,吁,需,呼吁,呼需,456,0
0,糟,遭,糟糕,遭糕,454,0
0,机,击,机场,击场,454,0
1,动,框,推动,推框,453,0
1,队,对,团队,团对,453,0
0,巴,八,巴黎,八黎,452,0
0,德,得,德国,得国,451,0
1,交,礁,外交,外礁,451,0
0,汽,气,汽车,气车,449,0
1,期,七,时期,时七,448,0
0,英,卻,英文,卻文,448,0
0,听,厅,听到,厅到,447,0
0,称,撑,称为,撑为,447,0
1,较,叫,比较,比叫,446,0
0,提,题,提高,题高,446,0
1,中,终,之中,之终,445,0
1,读,毒,阅读,阅毒,444,0
0,复,富,复杂,富杂,444,0
1,败,拜,失败,失拜,443,0
1,间,监,房间,房监,443,0
0,平,瓶,平壤,瓶壤,442,0
0,大,場,大家,場家,441,0
0,越,月,越南,月南,441,0
0,坚,间,坚持,间持,441,0
0,出,初,出口,初口,440,0
1,物,坞,人物,人坞,439,0
0,和,何,和平,何平,439,0
0,飞,非,飞机,非机,438,0
0,模,摩,模式,摩式,438,0
0,担,单,担任,单任,437,0
0,相,箱,相比,箱比,437,0
0,标,飙,标准,飙准,436,0
0,美,每,美國,每國,436,0
1,童,同,儿童,儿同,435,0
1,定,订,规定,规订,435,0
1,及,她,涉及,涉她,434,0
1,器,气,武器,武气,433,0
0,婚,昏,婚姻,昏姻,433,0
0,一,遗,一下,遗下,433,0
1,纪,技,世纪,世技,432,0
1,月,越,六月,六越,430,0
1,孩,还,女孩,女还,429,0
0,规,瘟,规模,瘟模,429,0
1,部,布,内部,内布,429,0
1,责,则,负责,负则,429,0
0,陷,现,陷入,现入,428,0
1,疑,仪,质疑,质仪,427,0
1,乏,罚,缺乏,缺罚,426,0
0,坐,做,坐在,做在,426,0
0,管,馆,管理,馆理,426,0
1,量,良,数量,数良,426,0
0,消,销,消失,销失,426,0
0,动,洞,动物,洞物,425,0
1,月,越,二月,二越,425,0
0,停,庭,停止,庭止,425,0
1,误,物,错误,错物,425,0
1,疆,将,新疆,新将,424,0
1,请,顷,申请,申顷,423,0
0,测,策,测试,策试,422,0
1,人,仁,两人,两仁,422,0
1,队,对,军队,军对,421,0
0,评,平,评论,平论,421,0
1,治,志,统治,统志,420,0
1,由,現,理由,理現,420,0
1,传,船,宣传,宣船,420,0
0,强,墙,强大,墙大,419,0
0,细,系,细节,系节,418,0
0,五,侮,五年,侮年,418,0
0,几,己,几年,己年,418,0
1,天,添,几天,几添,416,0
0,足,族,足够,族够,416,0
0,群,裙,群体,裙体,416,0
0,尝,常,尝试,常试,416,0
0,预,寓,预计,寓计,414,0
0,之,知,之外,知外,414,0
0,最,罪,最新,罪新,413,0
0,这,浙,这名,浙名,412,0
1,果,裹,苹果,苹裹,411,0
1,略,掠,战略,战掠,411,0
1,是,事,于是,于事,411,0
1,善,樣,改善,改樣,410,0
1,授,受,教授,教受,409,0
1,周,洲,本周,本洲,408,0
0,强,墙,强调,墙调,407,0
1,常,长,常常,常长,407,0
1,射,设,发射,发设,407,0
1,造,它,创造,创它,406,0
1,刻,客,时刻,时客,406,0
0,只,指,只要,指要,406,0
0,这,浙,这部,浙部,404,0
1,烈,列,强烈,强列,404,0
1,付,父,支付,支父,404,0
1,实,十,确实,确十,403,0
1,案,暗,法案,法暗,403,0
1,产,阐,生产,生阐,403,0
0,任,认,任务,认务,402,0
1,境,竞,边境,边竞,402,0
0,周,舟,周六,舟六,402,0
1,来,莱,用来,用莱,401,0
1,于,余,用于,用余,401,0
1,士,示,博士,博示,401,0
0,这,浙,这件,浙件,401,0
1,代,带,现代,现带,400,0
0,恢,議,恢复,議复,399,0
1,摄,社,拍摄,拍社,398,0
0,比,吨,比赛,吨赛,398,0
0,检,减,检测,减测,398,0
1,牌,排,品牌,品排,398,0
1,布,不,公布,公不,397,0
1,述,束,讲述,讲束,397,0
1,少,绍,很少,很绍,397,0
0,一,疑,一张,疑张,396,0
0,人,仁,人权,仁权,396,0
1,度,渡,速度,速渡,396,0
0,有,友,有效,友效,396,0
0,自,字,自我,字我,396,0
0,明,名,明白,名白,395,0
1,群,裙,人群,人裙,395,0
0,状,壮,状态,壮态,394,0
0,乘,為,乘客,為客,394,0
1,露,軍,透露,透軍,393,0
0,应,映,应用,映用,392,0
1,惧,距,恐惧,恐距,392,0
0,家,加,家里,加里,391,27
1,会,惠,我会,我惠,389,0
1,士,试,女士,女试,388,0
0,八,巴,八年,巴年,388,0
0,遇,育,遇到,育到,387,0
1,力,例,暴力,暴例,387,0
0,立,力,立场,力场,387,1
0,确,却,确保,却保,387,0
1,片,骗,影片,影骗,386,0
1,得,德,赢得,赢德,386,0
1,排,牌,安排,安牌,386,0
0,全,权,全面,权面,385,0
1,共,贡,公共,公贡,384,0
1,定,订,稳定,稳订,384,0
0,关,冠,关键,冠键,383,0
1,台,將,平台,平將,383,2
0,办,半,办法,半法,383,0
1,作,做,制作,制做,383,2
0,竞,镜,竞争,镜争,383,0
0,首,手,首尔,手尔,381,0
0,游,邮,游戏,邮戏,380,0
0,看,瞰,看法,瞰法,380,0
1,话,化,对话,对化,380,0
1,确,却,的确,的却,380,0
1,强,墙,加强,加墙,380,0
0,不,布,不管,布管,379,0
1,边,编,一边,一编,378,0
1,有,友,中有,中友,378,0
1,众,重,观众,观重,377,0
0,严,言,严格,言格,377,0
1,以,已,难以,难已,377,0
1,捕,补,逮捕,逮补,376,0
1,议,义,争议,争义,375,0
1,下,夏,留下,留夏,375,0
1,算,蒜,打算,打蒜,374,0
1,些,歇,這些,這歇,374,0
1,冠,官,新冠,新官,374,0
0,下,夏,下来,夏来,373,0
1,次,刺,此次,此刺,373,0
1,人,仁,病人,病仁,372,0
0,共,贡,共同,贡同,372,0
1,间,监,一间,一监,372,0
0,一,遗,一段,遗段,372,0
1,平,评,水平,水评,371,0
1,在,再,放在,放再,371,0
1,园,员,公园,公员,371,0
1,将,疆,即将,即疆,370,0
1,难,男,困难,困男,370,0
1,族,足,家族,家足,370,0
1,中,终,当中,当终,369,0
0,值,职,值得,职得,369,0
1,受,售,遭受,遭售,367,0
0,扩,括,扩大,括大,367,0
0,相,香,相当,香当,366,0
0,形,行,形象,行象,366,0
1,言,延,语言,语延,365,0
1,认,任,否认,否任,364,0
0,距,句,距离,句离,364,0
1,周,洲,一周,一洲,364,0
0,看,瞰,看来,瞰来,363,0
0,银,寅,银行,寅行,363,0
1,求,球,需求,需球,363,0
1,大,場,更大,更場,362,0
1,话,化,讲话,讲化,361,0
0,背,被,背景,被景,361,0
1,为,味,以为,以味,361,0
1,歌,割,谷歌,谷割,361,0
1,遍,便,普遍,普便,360,0
1,人,仁,别人,别仁,359,0
0,最,罪,最初,罪初,359,0
1,到,道,收到,收道,359,0
0,出,初,出生,初生,359,1
1,权,全,政权,政全,358,0
0,症,证,症状,证状,358,0
0,声,生,声称,生称,358,0
1,所,索,有所,有索,358,0
0,精,经,精神,经神,358,0
0,核,和,核心,和心,357,0
1,联,连,苏联,苏连,357,0
1,明,名,说明,说名,356,0
1,受,售,感受,感售,356,0
0,迹,季,迹象,季象,356,0
1,难,南,很难,很南,356,0
1,份,分,这份,这分,356,0
1,会,绘,国会,国绘,355,0
1,谓,为,所谓,所为,355,3
1,剧,据,加剧,加据,355,0
1,地,第,各地,各第,354,0
1,望,忘,渴望,渴忘,354,0
0,分,氛,分享,氛享,354,0
0,小,晓,小说,晓说,353,0
1,后,候,以后,以候,353,0
1,后,候,随后,随候,353,0
0,例,力,例如,力如,352,0
0,著,助,著名,助名,352,0
0,即,及,即便,及便,352,0
1,利,例,权利,权例,351,0
0,思,斯,思考,斯考,351,1
1,系,细,体系,体细,350,0
0,医,一,医疗,一疗,349,0
0,鼓,股,鼓励,股励,348,0
0,投,头,投票,头票,348,0
0,普,谱,普通,谱通,347,0
1,任,认,信任,信认,347,0
0,作,坐,作者,坐者,346,0
0,试,是,试验,是验,346,0
1,达,答,抵达,抵答,346,0
1,验,艳,体验,体艳,345,0
0,无,吾,无论,吾论,345,0
1,种,肿,某种,某肿,344,0
0,后,候,后者,候者,343,0
1,子,紫,女子,女紫,343,0
1,甸,颠,缅甸,缅颠,343,0
1,十,时,二十,二时,343,1
1,要,药,必要,必药,342,0
1,十,实,三十,三实,342,0
1,式,试,形式,形试,342,0
0,大,場,大型,場型,342,0
0,斯,司,斯诺,司诺,342,0
1,先,鲜,首先,首鲜,341,0
0,相,香,相对,香对,341,0
0,形,行,形成,行成,340,0
0,监,间,监控,间控,340,0
1,未,位,尚未,尚位,340,0
1,家,加,回家,回加,338,0
1,身,深,自身,自深,338,0
0,伦,轮,伦敦,轮敦,338,0
1,事,是,同事,同是,338,0
1,月,乐,九月,九乐,337,0
0,在,再,在内,再内,337,0
0,几,己,几周,己周,336,0
1,乐,為,音乐,音為,335,0
1,旦,但,一旦,一但,335,0
0,出,初,出售,初售,335,0
1,极,她,积极,积她,335,0
0,暴,报,暴发,报发,334,0
0,谈,弹,谈论,弹论,334,0
1,兵,冰,士兵,士冰,334,0
0,谴,浅,谴责,浅责,333,0
1,待,带,等待,等带,333,0
0,位,为,位置,为置,333,0
1,户,护,客户,客护,332,0
1,行,航,流行,流航,332,0
0,五,武,五月,武月,331,0
0,里,理,里面,理面,331,0
0,销,萧,销售,萧售,330,0
0,降,酱,降低,酱低,330,0
1,像,向,好像,好向,330,0
1,生,牲,先生,先牲,330,0
1,族,足,种族,种足,330,0
0,旅,侣,旅游,侣游,330,0
0,禁,近,禁令,近令,329,0
0,被,背,被捕,背捕,328,0
1,看,瞰,来看,来瞰,328,0
1,点,典,有点,有典,327,0
1,起,企,发起,发企,327,0
1,段,断,手段,手断,326,0
1,题,提,话题,话提,326,0
1,域,愈,区域,区愈,325,0
1,文,闻,中文,中闻,325,0
0,真,针,真实,针实,325,0
0,今,金,今日,金日,325,0
0,所,锁,所在,锁在,324,0
0,并,病,并未,病未,323,0
1,人,仁,白人,白仁,323,0
1,篇,偏,一篇,一偏,323,0
1,個,侈,這個,這侈,322,0
0,规,瑰,规则,瑰则,322,0
0,商,伤,商品,伤品,322,0
0,大,場,大脑,場脑,322,0
1,来,莱,从来,从莱,321,1
0,一,仪,一半,仪半,321,0
0,时,十,时说,十说,319,0
1,晚,页,孟晚,孟页,319,0
1,件,见,案件,案见,319,0
1,案,按,答案,答按,319,0
0,非,飞,非法,飞法,319,0
1,理,里,总理,总里,319,0
0,宗,踪,宗教,踪教,318,0
1,反,返,相反,相返,318,0
0,私,斯,私人,斯人,318,2
1,龄,費,年龄,年費,318,0
0,责,择,责任,择任,318,0
0,道,到,道路,到路,318,0
1,界,借,外界,外借,317,1
1,使,史,迫使,迫史,317,0
0,穿,川,穿着,川着,317,0
1,月,阅,三月,三阅,316,0
0,激,击,激烈,击烈,316,0
0,职,值,职业,值业,316,0
0,周,洲,周围,洲围,315,0
0,依,一,依赖,一赖,315,1
1,看,瞰,看看,看瞰,314,0
0,第,地,第一,地一,314,0
0,保,宝,保证,宝证,314,0
0,未,为,未能,为能,314,0
0,观,关,观察,关察,313,0
1,务,物,业务,业物,313,0
0,具,拒,具体,拒体,311,0
1,部,布,一部,一布,311,0
1,月,阅,四月,四阅,310,0
0,工,宫,工具,宫具,310,0
1,道,到,说道,说到,310,0
0,或,货,或是,货是,309,2
1,罚,乏,惩罚,惩乏,309,0
1,略,掠,策略,策掠,307,0
1,群,裙,一群,一裙,306,0
0,以,已,以上,已上,306,0
1,查,察,检查,检察,306,6
0,风,它,风格,它格,306,0
1,时,十,那时,那十,305,0
1,见,與,意见,意與,305,0
0,害,亥,害怕,亥怕,305,0
1,期,欺,早期,早欺,304,0
0,正,政,正确,政确,304,0
1,果,嚴,效果,效嚴,304,0
1,移,一,转移,转一,304,0
0,腐,府,腐败,府败,303,0
1,密,秘,秘密,秘秘,303,0
1,次,刺,多次,多刺,303,1
1,制,至,体制,体至,303,0
0,证,正,证实,正实,303,0
1,照,罩,按照,按罩,303,0
0,严,研,严厉,研厉,303,0
0,违,韦,违反,韦反,302,0
1,人,仁,本人,本仁,302,0
0,将,疆,将会,疆会,302,0
1,办,說,举办,举說,301,0
0,结,节,结婚,节婚,301,0
0,已,以,已有,以有,301,2
0,对,队,对抗,队抗,301,0
0,报,暴,报纸,暴纸,300,0
0,构,购,构成,购成,300,0
0,正,证,正如,证如,300,0
0,地,弟,地球,弟球,300,0
1,十,实,五十,五实,300,0
0,四,它,四十,它十,300,0
0,财,裁,财富,裁富,299,0
1,出,初,作出,作初,299,0
0,估,孤,估计,孤计,299,0
0,四,它,四年,它年,297,0
1,德,得,道德,道得,297,0
0,建,件,建设,件设,297,0
1,演,眼,表演,表眼,297,0
0,正,政,正常,政常,297,0
0,中,钟,中说,钟说,297,0
0,会,汇,会晤,汇晤,297,0
1,般,班,一般,一班,296,11
0,升,生,升级,生级,296,0
1,变,便,转变,转便,296,0
1,民,會,选民,选會,296,0
0,不,部,不少,部少,296,0
1,期,七,近期,近七,295,2
0,大,場,大多,場多,295,0
0,从,丛,从而,丛而,295,0
1,有,友,带有,带友,295,0
0,尊,遵,尊重,遵重,295,0
0,监,间,监管,间管,295,0
1,事,是,此事,此是,295,0
1,象,项,想象,想项,294,0
1,于,余,出于,出余,294,0
0,提,题,提醒,题醒,294,0
1,庭,停,法庭,法停,294,0
0,上,尚,上面,尚面,294,0
0,采,彩,采用,彩用,294,0
1,点,典,重点,重典,293,0
1,方,芳,对方,对芳,293,0
0,老,姥,老师,姥师,292,0
0,课,客,课程,客程,292,0
1,然,燃,自然,自燃,292,2
1,京,经,东京,东经,292,0
1,邦,帮,联邦,联帮,291,0
0,居,拘,居住,拘住,291,0
1,地,第,土地,土第,291,0
1,吧,巴,酒吧,酒巴,291,0
0,全,权,全部,权部,291,0
0,从,丛,从事,丛事,291,0
1,怨,愿,抱怨,抱愿,291,0
0,请,顷,请求,顷求,291,0
0,制,治,制定,治定,290,0
0,接,揭,接近,揭近,290,0
0,读,毒,读者,毒者,290,0
1,致,智,一致,一智,290,0
1,院,愿,法院,法愿,289,0
0,食,时,食品,时品,289,0
1,害,骇,损害,损骇,289,0
1,月,越,十月,十越,288,0
0,八,巴,八月,巴月,288,0
0,干,甘,干预,甘预,288,0
0,终,忠,终于,忠于,288,29
1,袖,說,领袖,领說,287,0
1,立,利,成立,成利,287,0
0,基,机,基础,机础,287,0
0,回,爭,回忆,爭忆,287,0
1,馆,管,餐馆,餐管,287,0
1,段,断,阶段,阶断,287,0
1,英,婴,精英,精婴,287,0
1,型,行,新型,新行,287,0
0,分,纷,分歧,纷歧,287,0
1,在,再,潜在,潜再,287,0
1,际,技,之际,之技,286,0
1,足,族,满足,满族,286,8
1,益,意,日益,日意,285,0
1,练,恋,训练,训恋,284,0
0,方,芳,方向,芳向,284,0
1,午,武,下午,下武,283,0
0,常,长,常见,长见,283,0
0,一,移,一处,移处,282,0
0,一,疑,一片,疑片,282,0
0,还,环,还要,环要,282,0
1,合,何,联合,联何,282,0
0,签,千,签署,千署,282,0
1,到,道,做到,做道,282,0
0,左,佐,左右,佐右,281,0
0,上,尚,上升,尚升,281,0
1,害,亥,伤害,伤亥,280,0
0,批,披,批准,披准,280,0
1,点,典,地点,地典,280,0
0,革,格,革命,格命,280,0
1,得,德,使得,使德,280,0
0,实,时,实际,时际,279,0
1,虑,律,焦虑,焦律,279,0
1,妇,复,夫妇,夫复,279,0
1,月,越,本月,本越,279,0
0,兴,星,兴趣,星趣,279,0
0,不,國,不满,國满,279,0
0,执,职,执行,职行,279,0
1,制,至,遏制,遏至,278,0
0,显,险,显得,险得,278,0
0,之,知,之下,知下,278,0
1,学,穴,科学,科穴,278,0
1,待,带,对待,对带,278,0
0,遭,糟,遭遇,糟遇,278,0
1,孩,还,男孩,男还,278,0
0,不,布,不愿,布愿,277,0
1,方,芳,军方,军芳,276,0
0,子,紫,子女,紫女,276,0
1,都,督,首都,首督,276,0
0,接,阶,接着,阶着,276,0
0,基,机,基因,机因,275,0
0,投,头,投入,头入,275,0
1,个,各,某个,某各,275,0
1,在,再,旨在,旨再,275,0
1,久,九,不久,不九,275,0
0,看,瞰,看着,瞰着,274,0
0,顾,固,顾问,固问,273,0
0,部,布,部门,布门,273,0
1,店,电,商店,商电,273,0
0,编,边,编辑,边辑,273,0
0,加,家,加州,家州,273,0
0,基,击,基于,击于,272,0
0,比,笔,比例,笔例,271,0
0,优,忧,优势,忧势,271,0
1,班,般,航班,航般,271,0
1,速,宿,快速,快宿,271,0
1,估,辜,评估,评辜,271,0
1,惯,罐,习惯,习罐,270,0
0,经,京,经验,京验,270,0
1,象,像,现象,现像,270,0
1,边,编,身边,身编,270,0
1,底,抵,彻底,彻抵,270,0
0,一,遗,一套,遗套,270,0
0,倾,青,倾向,青向,269,0
0,监,间,监狱,间狱,269,0
0,英,卻,英里,卻里,268,0
0,条,调,条件,调件,268,0
1,感,敢,敏感,敏敢,268,0
0,性,仅,性别,仅别,268,0
1,使,史,促使,促史,268,0
1,手,首,对手,对首,268,0
1,览,榄,展览,展榄,268,0
0,以,已,以外,已外,267,0
1,衡,恒,平衡,平恒,266,0
1,处,储,好处,好储,266,0
0,签,千,签证,千证,266,0
0,以,已,以下,已下,266,1
1,民,會,难民,难會,265,0
1,够,末,不够,不末,265,0
1,平,评,公平,公评,264,0
1,果,嚴,后果,后嚴,264,0
1,受,售,享受,享售,263,0
0,他,它,他人,它人,263,0
0,一,移,一只,移只,263,0
1,渐,件,逐渐,逐件,263,0
0,成,乘,成本,乘本,262,0
0,咖,喀,咖啡,喀啡,262,0
0,角,脚,角度,脚度,262,0
1,为,未,更为,更未,261,0
0,邀,腰,邀请,腰请,261,0
0,七,妻,七月,妻月,261,0
0,宪,现,宪法,现法,261,0
1,源,员,资源,资员,261,0
1,话,化,谈话,谈化,260,0
0,完,玩,完美,玩美,260,0
0,被,背,被迫,背迫,260,0
1,以,已,得以,得已,259,0
0,集,她,集团,她团,259,0
0,街,接,街头,接头,259,2
0,电,店,电视,店视,259,0
1,讲,奖,演讲,演奖,259,0
0,巨,句,巨头,句头,259,0
1,数,术,少数,少术,259,0
0,立,力,立即,力即,259,0
1,后,候,背后,背候,259,0
0,第,蒂,第二,蒂二,258,0
1,员,原,议员,议原,257,0
0,意,议,意外,议外,257,0
1,得,德,记得,记德,256,0
0,有,友,有趣,友趣,256,0
0,七,期,七年,期年,256,0
1,生,声,卫生,卫声,256,0
1,怕,帕,可怕,可帕,256,0
1,议,益,提议,提益,255,0
1,向,项,走向,走项,255,0
0,老,姥,老板,姥板,255,0
1,京,经,普京,普经,254,0
0,高,糕,高中,糕中,254,0
1,报,暴,情报,情暴,254,0
0,平,评,平等,评等,254,0
1,佳,加,最佳,最加,253,0
0,学,穴,学者,穴者,253,0
0,侵,亲,侵犯,亲犯,253,0
1,服,進,衣服,衣進,252,0
0,会,慧,会谈,慧谈,252,0
0,大,場,大幅,場幅,252,0
1,造,噪,建造,建噪,252,0
1,来,莱,到来,到莱,252,0
0,拘,居,拘留,居留,251,28
1,步,不,一步,一不,251,0
1,会,汇,还会,还汇,251,0
1,象,向,对象,对向,251,0
0,现,陷,现场,陷场,251,0
0,费,肺,费用,肺用,251,0
0,进,尽,进展,尽展,251,0
0,暂,赞,暂停,赞停,251,0
0,四,它,四个,它个,250,0
0,镇,震,镇压,震压,250,0
1,待,戴,期待,期戴,250,0
1,题,提,主题,主提,250,0
0,交,焦,交流,焦流,250,0
0,岛,导,岛屿,导屿,250,0
0,民,會,民族,會族,250,0
0,家,佳,家长,佳长,249,0
1,仅,翻,仅仅,仅翻,249,0
0,主,煮,主张,煮张,249,0
0,人,仁,人生,仁生,249,0
0,微,威,微信,威信,249,9
0,大,場,大楼,場楼,249,0
1,求,球,追求,追球,249,1
1,物,务,药物,药务,249,0
1,象,像,印象,印像,248,1
1,百,摆,一百,一摆,248,0
0,九,酒,九年,酒年,248,0
0,功,公,功能,公能,248,0
0,小,晓,小组,晓组,248,0
1,末,莫,周末,周莫,248,0
0,南,难,南海,难海,247,0
0,多,咄,多么,咄么,247,0
1,弱,若,削弱,削若,247,0
1,席,袭,首席,首袭,247,0
1,歉,假,道歉,道假,247,0
0,住,著,住宅,著宅,247,0
1,尺,侈,英尺,英侈,247,0
0,维,为,维持,为持,247,0
1,祝,助,庆祝,庆助,246,0
1,对,队,绝对,绝队,246,0
1,中,终,集中,集终,246,0
0,方,芳,方案,芳案,245,0
0,防,房,防止,房止,245,0
1,书,输,本书,本输,245,0
1,认,任,确认,确任,245,0
0,债,寨,债务,寨务,244,0
0,任,认,任期,认期,244,0
1,示,是,暗示,暗是,244,0
1,前,钱,面前,面钱,243,0
0,家,诽,家中,诽中,243,0
1,在,再,留在,留再,242,0
0,自,字,自从,字从,241,0
1,称,撑,宣称,宣撑,241,0
1,价,架,代价,代架,241,0
0,顾,固,顾客,固客,241,0
0,是,事,是从,事从,240,0
1,失,师,损失,损师,239,0
0,预,域,预测,域测,239,0
1,绍,少,介绍,介少,239,0
0,只,止,只会,止会,239,0
0,长,常,长大,常大,239,0
0,高,糕,高度,糕度,239,0
1,话,化,说话,说化,238,0
1,向,象,转向,转象,238,0
1,洲,周,非洲,非周,238,0
0,司,斯,司机,斯机,238,0
1,件,建,邮件,邮建,238,0
1,会,汇,约会,约汇,238,0
1,步,不,进步,进不,238,0
1,裔,易,华裔,华易,237,0
1,语,們,英语,英們,237,0
1,刚,纲,刚刚,刚纲,237,0
0,主,煮,主义,煮义,237,0
1,况,矿,状况,状矿,237,0
0,彼,比,彼此,比此,236,0
1,可,渴,不可,不渴,236,0
0,记,迹,记忆,迹忆,236,0
1,留,流,保留,保流,236,0
1,院,愿,学院,学愿,236,0
1,员,元,演员,演元,235,0
0,强,墙,强硬,墙硬,235,0
1,讶,匹,惊讶,惊匹,235,0
0,极,即,极端,即端,235,0
0,那,纳,那天,纳天,235,0
1,出,初,推出,推初,235,0
1,屋,污,房屋,房污,235,0
1,管,馆,高管,高馆,234,0
0,农,浓,农民,浓民,234,0
0,胜,圣,胜利,圣利,233,0
1,序,绪,程序,程绪,233,0
0,污,屋,污染,屋染,233,0
1,想,响,思想,思响,232,0
0,以,已,以便,已便,232,0
1,百,摆,三百,三摆,232,0
1,上,尚,早上,早尚,232,0
1,业,夜,事业,事夜,231,0
0,要,钥,要么,钥么,231,0
1,层,曾,高层,高曾,231,0
1,惊,经,震惊,震经,231,0
0,卧,沃,卧室,沃室,231,0
0,探,炭,探索,炭索,230,0
0,一,移,一面,移面,230,0
1,数,术,多数,多术,230,0
0,领,岭,领土,岭土,230,0
0,厨,除,厨房,除房,230,0
0,出,初,出版,初版,230,2
0,空,它,空气,它气,230,0
0,夏,下,夏天,下天,229,0
1,达,答,到达,到答,229,0
0,举,矩,举动,矩动,229,0
0,锻,段,锻炼,段炼,229,0
1,客,刻,黑客,黑刻,229,0
0,来,莱,来源,莱源,228,0
1,权,全,主权,主全,228,0
0,执,直,执政,直政,228,0
0,高,糕,高级,糕级,228,0
1,位,卫,两位,两卫,228,6
1,出,初,给出,给初,227,0
1,志,制,标志,标制,227,0
0,概,盖,概念,盖念,227,0
1,些,歇,哪些,哪歇,227,0
1,家,加,作家,作加,227,0
0,失,施,失望,施望,226,0
1,安,紙,不安,不紙,226,0
1,服,福,说服,说福,226,0
1,脑,恼,电脑,电恼,226,0
0,符,幅,符合,幅合,225,0
0,意,议,意思,议思,225,0
1,看,瞰,观看,观瞰,225,0
1,人,仁,惊人,惊仁,225,0
0,报,暴,报复,暴复,225,0
1,举,矩,此举,此矩,224,0
1,食,时,饮食,饮时,224,0
1,一,疑,统一,统疑,224,0
0,不,部,不用,部用,224,0
1,会,慧,集会,集慧,224,0
1,殊,疏,特殊,特疏,224,0
0,围,們,围绕,們绕,223,0
1,志,致,杂志,杂致,223,0
0,平,评,平均,评均,223,0
0,新,心,新增,心增,223,0
0,进,尽,进口,尽口,222,0
1,感,橄,情感,情橄,222,0
0,获,或,获取,或取,222,0
0,举,矩,举措,矩措,222,0
0,处,储,处在,储在,221,0
1,就,救,成就,成救,221,0
0,矛,毛,矛盾,毛盾,221,0
0,修,休,修建,休建,221,0
1,人,仁,华人,华仁,221,0
1,十,实,九十,九实,220,0
0,有,友,有限,友限,220,0
1,里,理,哪里,哪理,220,0
0,高,糕,高兴,糕兴,220,0
0,拘,居,拘禁,居禁,220,0
0,大,場,大选,場选,220,0
1,锁,索,封锁,封索,220,0
1,军,均,海军,海均,219,0
1,渡,度,引渡,引度,219,0
0,校,效,校园,效园,219,0
1,休,修,退休,退修,219,0
1,握,沃,掌握,掌沃,219,0
0,中,终,中央,终央,218,0
0,录,路,录取,路取,218,0
0,梦,孟,梦想,孟想,218,0
1,路,录,一路,一录,217,0
0,斗,豆,斗争,豆争,217,0
0,间,坚,间谍,坚谍,217,0
1,为,位,最为,最位,217,0
0,服,福,服装,福装,217,0
1,则,泽,原则,原泽,216,0
0,游,邮,游行,邮行,216,0
0,援,元,援助,元助,216,0
0,做,作,做好,作好,216,1
1,整,拯,调整,调拯,216,0
0,各,个,各国,个国,215,0
1,器,气,机器,机气,214,0
1,令,另,命令,命另,214,0
1,索,所,搜索,搜所,214,0
0,庞,旁,庞大,旁大,214,0
0,谈,坛,谈到,坛到,213,0
1,闻,文,丑闻,丑文,213,0
0,自,字,自杀,字杀,213,0
0,联,廉,联盟,廉盟,213,0
1,至,制,截至,截制,213,0
0,七,期,七十,期十,213,0
1,难,男,灾难,灾男,212,0
1,进,近,促进,促近,212,0
0,争,征,争论,征论,212,0
0,象,像,象征,像征,211,0
0,信,衅,信号,衅号,211,0
0,设,射,设施,射施,211,0
1,破,迫,打破,打迫,210,0
0,贷,待,贷款,待款,210,0
0,披,批,披露,批露,209,0
0,定,订,定义,订义,209,0
1,成,為,组成,组為,209,0
0,一,遗,一所,遗所,209,0
0,辩,变,辩论,变论,209,0
0,提,题,提升,题升,209,0
0,合,和,合法,和法,209,0
1,合,和,适合,适和,208,0
0,犯,梵,犯罪,梵罪,208,0
1,来,它,本来,本它,208,0
0,下,夏,下去,夏去,208,0
1,人,仁,黑人,黑仁,207,0
0,石,时,石油,时油,207,0
1,种,肿,两种,两肿,207,0
0,度,杜,度过,杜过,207,0
1,进,近,推进,推近,207,0
0,见,件,见面,件面,207,0
1,业,液,产业,产液,207,0
1,集,及,收集,收及,206,0
0,一,疑,一块,疑块,206,0
1,次,刺,每次,每刺,206,0
1,百,摆,二百,二摆,206,0
1,验,燕,实验,实燕,206,0
0,七,期,七百,期百,205,0
0,富,父,富裕,父裕,205,0
0,艰,间,艰难,间难,205,0
1,式,是,仪式,仪是,205,0
0,关,官,关心,官心,205,0
0,助,住,助手,住手,205,2
1,含,韩,包含,包韩,205,0
0,趋,区,趋势,区势,205,0
0,生,声,生存,声存,204,0
1,題,疲,問題,問疲,204,0
1,前,潜,当前,当潜,204,0
1,子,紫,样子,样紫,204,0
0,材,财,材料,财料,204,0
1,色,瑟,黑色,黑瑟,204,0
1,烦,繁,麻烦,麻繁,203,0
0,五,武,五百,武百,203,0
0,施,师,施压,师压,203,0
1,竟,竞,毕竟,毕竞,203,0
0,扮,伴,扮演,伴演,203,0
1,产,阐,房产,房阐,202,0
0,维,为,维护,为护,202,0
0,专,砖,专业,砖业,202,0
0,摆,百,摆脱,百脱,202,0
0,中,钟,中间,钟间,201,0
1,个,各,五个,五各,201,0
1,谈,弹,交谈,交弹,201,0
1,官,关,法官,法关,201,0
1,务,物,财务,财物,201,4
1,演,眼,导演,导眼,201,0
1,挥,恢,发挥,发恢,201,0
0,繁,烦,繁荣,烦荣,200,0
1,离,兩,逃离,逃兩,200,0
1,文,闻,本文,本闻,200,0
0,商,伤,商人,伤人,200,23
1,侵,亲,入侵,入亲,200,0
1,回,爭,返回,返爭,199,0
0,分,纷,分裂,纷裂,199,0
0,应,硬,应当,硬当,199,0
1,期,七,预期,预七,199,0
1,学,穴,同学,同穴,198,0
1,诉,宿,起诉,起宿,198,0
1,讼,送,诉讼,诉送,198,0
1,构,购,结构,结购,198,0
0,上,尚,上午,尚午,198,0
1,意,议,生意,生议,197,0
1,感,敢,流感,流敢,197,0
1,场,厂,广场,广厂,197,0
1,到,道,见到,见道,197,0
0,一,宜,一度,宜度,197,0
1,相,乡,真相,真乡,197,0
0,富,父,富有,父有,196,0
1,情,擎,热情,热擎,196,0
1,新,心,创新,创心,196,0
1,禁,尽,监禁,监尽,196,0
1,会,汇,教会,教汇,195,0
0,培,陪,培养,陪养,195,0
0,欧,它,欧盟,它盟,195,0
1,食,十,美食,美十,195,0
1,互,户,相互,相户,195,0
1,幕,目,屏幕,屏目,195,0
0,奇,其,奇怪,其怪,195,0
1,类,累,此类,此累,195,0
0,睡,税,睡眠,税眠,195,0
1,一,無,十一,十無,195,0
0,争,征,争取,征取,195,0
1,算,蒜,就算,就蒜,195,0
0,培,赔,培训,赔训,194,0
1,今,金,至今,至金,194,0
1,异,艺,差异,差艺,194,0
1,悉,西,熟悉,熟西,194,0
0,实,十,实力,十力,194,0
0,强,墙,强奸,墙奸,194,0
0,所,索,所说,索说,194,0
1,碍,爱,障碍,障爱,194,0
0,聚,据,聚集,据集,194,0
0,提,题,提交,题交,194,0
0,充,冲,充分,冲分,193,0
1,代,带,年代,年带,193,0
0,结,捷,结论,捷论,193,0
0,蔓,曼,蔓延,曼延,193,0
1,佛,服,哈佛,哈服,193,0
0,理,礼,理论,礼论,191,0
1,运,孕,命运,命孕,191,0
1,化,话,恶化,恶话,191,0
1,切,窃,密切,密窃,191,0
1,子,紫,日子,日紫,191,0
1,步,不,让步,让不,191,0
0,征,争,征收,争收,190,0
1,地,蒂,基地,基蒂,190,0
1,同,童,认同,认童,190,0
1,边,编,旁边,旁编,190,0
0,一,移,一代,移代,190,0
0,伟,委,伟大,委大,190,0
1,種,乐,這種,這乐,190,0
1,人,仁,敌人,敌仁,190,0
1,竟,径,究竟,究径,189,0
1,员,园,球员,球园,189,0
1,迟,持,推迟,推持,189,0
0,经,京,经营,京营,189,0
0,下,吓,下面,吓面,189,0
0,评,平,评价,平价,189,20
1,伴,半,伙伴,伙半,189,0
1,名,明,三名,三明,189,0
0,地,递,地震,递震,189,0
0,版,板,版本,板本,189,0
1,障,丈,保障,保丈,188,0
0,原,园,原本,园本,188,0
0,太,态,太空,态空,188,0
1,尚,上,时尚,时上,188,0
1,景,警,前景,前警,188,0
0,那,纳,那次,纳次,188,0
0,歧,成,歧视,成视,187,0
0,参,餐,参观,餐观,187,0
0,伴,办,伴侣,办侣,187,0
1,儿,而,婴儿,婴而,187,0
0,一,移,一辆,移辆,187,0
1,代,待,取代,取待,187,0
0,湖,胡,湖北,胡北,187,0
1,至,智,乃至,乃智,186,0
1,师,施,教师,教施,186,0
0,火,伙,火车,伙车,186,0
1,故,顾,事故,事顾,186,0
1,可,渴,认可,认渴,186,0
1,尔,耳,偶尔,偶耳,186,0
1,天,添,当天,当添,186,0
1,费,肺,免费,免肺,186,0
1,踪,宗,追踪,追宗,185,0
1,见,建,罕见,罕建,185,0
0,一,移,一道,移道,185,0
0,部,不,部署,不署,185,0
1,部,布,北部,北布,185,0
1,十,时,六十,六时,185,1
0,节,截,节目,截目,185,0
1,想,响,理想,理响,185,0
1,土,繼,本土,本繼,184,0
1,睛,经,眼睛,眼经,184,0
1,到,道,拿到,拿道,184,0
0,观,关,观念,关念,184,0
0,供,工,供应,工应,183,0
1,观,官,乐观,乐官,183,0
1,心,新,信心,信新,183,0
1,去,趣,出去,出趣,183,0
1,句,拒,一句,一拒,183,0
1,起,企,崛起,崛企,183,0
0,名,明,名单,明单,183,0
0,神,什,神秘,什秘,183,0
1,导,倒,主导,主倒,183,0
0,分,氛,分子,氛子,183,0
1,道,到,味道,味到,183,0
1,定,订,坚定,坚订,183,0
1,慢,尬,慢慢,慢尬,182,0
1,知,脂,告知,告脂,182,0
0,台,將,台北,將北,182,0
0,软,總,软件,總件,182,0
1,进,晋,走进,走晋,182,0
0,临,林,临时,林时,181,0
1,战,站,二战,二站,181,0
1,部,不,南部,南不,181,0
0,就,救,就业,救业,181,0
0,疯,丰,疯狂,丰狂,181,0
1,担,丹,承担,承丹,181,0
0,教,叫,教堂,叫堂,180,0
1,慎,甚,谨慎,谨甚,180,0
1,则,择,否则,否择,180,0
0,暂,赞,暂时,赞时,180,0
1,人,仁,夫人,夫仁,180,0
0,辩,变,辩护,变护,180,0
1,位,为,职位,职为,179,0
1,强,墙,增强,增墙,179,0
1,列,烈,系列,系烈,179,0
0,排,牌,排放,牌放,179,0
1,色,瑟,白色,白瑟,179,0
0,执,直,执法,直法,179,0
0,技,记,技能,记能,179,0
1,知,支,得知,得支,179,0
0,一,宜,一带,宜带,179,0
0,因,音,因為,音為,179,0
0,中,衷,中兴,衷兴,178,0
1,周,洲,两周,两洲,178,0
1,物,為,购物,购為,178,0
0,街,接,街道,接道,178,0
0,泰,太,泰国,太国,178,0
1,次,刺,两次,两刺,177,0
1,予,与,给予,给与,177,2
1,溃,愧,崩溃,崩愧,177,0
1,及,极,提及,提极,176,0
1,西,息,巴西,巴息,176,0
0,监,间,监视,间视,176,0
1,境,與,困境,困與,176,0
1,為,乐,認為,認乐,176,0
1,激,基,刺激,刺基,176,0
1,应,硬,适应,适硬,176,0
0,出,初,出席,初席,175,0
0,路,時,路上,時上,175,0
1,家,加,买家,买加,175,0
0,询,寻,询问,寻问,175,1
1,星,兴,明星,明兴,175,0
1,弟,第,兄弟,兄第,175,0
0,受,售,受伤,售伤,175,0
1,好,号,良好,良号,175,0
0,除,橱,除非,橱非,175,0
1,错,挫,不错,不挫,174,0
1,乐,為,快乐,快為,174,0
1,解,姐,缓解,缓姐,174,0
1,林,临,森林,森临,174,0
0,战,運,战斗,運斗,174,0
0,党,挡,党内,挡内,174,0
0,立,力,立法,力法,173,0
0,安,紙,安装,紙装,173,0
0,修,休,修改,休改,173,0
0,足,族,足以,族以,173,0
1,令,另,下令,下另,173,0
1,会,汇,学会,学汇,173,0
0,邻,临,邻居,临居,173,0
0,指,動,指导,動导,172,0
0,工,公,工业,公业,172,0
0,亲,侵,亲密,侵密,172,0
1,评,屏,置评,置屏,172,0
1,人,仁,一人,一仁,172,0
1,人,仁,富人,富仁,172,0
0,便,变,便宜,变宜,172,0
0,查,察,查看,察看,172,3
1,概,盖,大概,大盖,172,0
1,部,不,总部,总不,172,0
0,人,仁,人会,仁会,172,0
0,以,已,以往,已往,171,0
1,运,頓,幸运,幸頓,171,0
1,地,第,本地,本第,171,0
1,名,明,提名,提明,171,1
1,秀,袖,优秀,优袖,171,0
1,炸,诈,爆炸,爆诈,171,0
0,到,道,到底,道底,170,0
0,阶,接,阶层,接层,170,0
1,长,常,成长,成常,170,0
0,专,砖,专门,砖门,170,0
0,详,祥,详细,祥细,170,0
0,移,一,移动,一动,170,2
1,人,仁,客人,客仁,170,0
0,招,昭,招生,昭生,170,0
0,船,传,船上,传上,169,0
1,症,政,癌症,癌政,169,0
0,任,认,任命,认命,169,0
1,新,心,更新,更心,169,0
1,距,剧,差距,差剧,169,0
0,设,社,设有,社有,169,0
0,照,發,照顾,發顾,169,0
1,长,常,市长,市常,168,0
0,现,宪,现年,宪年,168,0
1,园,员,花园,花员,168,0
1,十,时,八十,八时,168,1
1,色,瑟,红色,红瑟,168,0
1,是,视,可是,可视,167,1
1,造,它,改造,改它,167,0
1,起,企,想起,想企,167,0
0,负,付,负担,付担,167,0
1,现,线,体现,体线,167,0
1,私,思,隐私,隐思,167,0
1,佛,服,仿佛,仿服,167,0
0,匿,逆,匿名,逆名,167,0
1,谷,股,硅谷,硅股,167,0
0,理,里,理念,里念,166,0
1,物,务,植物,植务,166,0
0,农,浓,农村,浓村,166,0
0,回,爭,回来,爭来,166,0
0,一,疑,一支,疑支,166,0
1,情,擎,感情,感擎,166,0
1,巴,八,古巴,古八,166,0
1,心,新,决心,决新,166,0
1,彩,采,色彩,色采,166,0
1,定,订,特定,特订,165,0
0,利,力,利润,力润,165,0
1,台,將,上台,上將,165,0
0,资,兹,资产,兹产,165,0
0,纷,分,纷纷,分纷,165,0
0,星,兴,星期,兴期,165,0
0,坚,间,坚称,间称,164,0
1,出,初,付出,付初,164,0
0,为,位,为此,位此,164,0
1,于,過,至于,至過,164,0
0,手,首,手中,首中,164,0
0,压,押,压制,押制,164,0
1,倍,被,安倍,安被,164,0
1,党,挡,政党,政挡,164,0
0,穿,川,穿过,川过,163,0
1,圾,机,垃圾,垃机,163,0
1,会,選,这会,这選,163,0
0,分,氛,分别,氛别,163,0
1,候,后,气候,气后,163,0
1,怕,帕,哪怕,哪帕,163,0
1,地,帝,特地,特帝,163,0
0,深,身,深刻,身刻,163,0
1,惑,货,困惑,困货,163,0
1,续,序,连续,连序,163,0
0,实,石,实行,石行,163,0
1,资,讓,工资,工讓,162,0
0,争,征,争端,征端,162,0
0,扩,括,扩张,括张,162,0
0,深,身,深入,身入,162,1
1,期,七,为期,为七,162,0
0,结,节,结合,节合,162,0
0,模,磨,模糊,磨糊,162,0
1,百,摆,四百,四摆,162,0
1,翻,番,推翻,推番,161,0
1,题,提,议题,议提,161,0
1,出,初,退出,退初,161,0
0,提,题,提起,题起,161,0
0,关,观,关押,观押,161,0
0,清,轻,清晰,轻晰,161,0
0,名,明,名为,明为,161,0
0,层,曾,层面,曾面,161,0
1,行,航,飞行,飞航,161,0
1,性,仅,阳性,阳仅,161,0
1,个,各,多个,多各,161,0
0,交,聲,交给,聲给,160,0
1,而,儿,反而,反儿,160,0
0,场,厂,场景,厂景,160,0
1,上,尚,走上,走尚,160,0
1,自,字,各自,各字,160,0
0,摧,崔,摧毁,崔毁,160,0
1,庄,装,村庄,村装,160,0
0,众,重,众多,重多,160,0
1,好,耗,不好,不耗,159,0
0,下,夏,下跌,夏跌,159,0
1,营,迎,运营,运迎,159,0
0,物,务,物品,务品,159,0
0,例,力,例子,力子,159,0
1,会,惠,议会,议惠,159,0
1,經,钢,已經,已钢,159,0
1,下,夏,地下,地夏,159,0
1,费,废,消费,消废,158,0
1,有,友,持有,持友,158,0
0,威,危,威权,危权,158,0
0,合,和,合理,和理,158,0
1,费,废,花费,花废,158,0
1,方,坊,中方,中坊,158,0
1,作,做,写作,写做,158,0
1,战,站,冷战,冷站,158,0
0,召,照,召开,照开,158,0
0,每,美,每周,美周,158,0
1,据,具,占据,占具,158,0
1,到,道,想到,想道,158,0
1,行,航,進行,進航,158,0
1,力,立,势力,势立,157,0
1,述,树,上述,上树,157,0
1,会,選,他会,他選,157,0
0,认,任,认知,任知,157,0
1,千,迁,五千,五迁,157,0
1,个,各,各个,各各,157,0
1,富,父,丰富,丰父,157,0
0,知,之,知识,之识,157,0
1,信,衅,自信,自衅,157,0
0,独,读,独自,读自,157,0
1,往,网,通往,通网,157,0
0,沒,流,沒有,流有,156,0
1,間,豪,時間,時豪,156,0
1,币,必,货币,货必,156,0
1,勒,乐,穆勒,穆乐,156,0
1,金,今,基金,基今,156,0
1,知,之,通知,通之,155,0
0,动,洞,动作,洞作,155,0
1,餐,参,晚餐,晚参,155,0
0,整,拯,整体,拯体,155,0
0,天,添,天气,添气,155,0
1,尬,曼,尴尬,尴曼,155,0
0,十,时,十四,时四,155,0
0,布,不,布什,不什,155,0
0,乘,程,乘坐,程坐,155,0
0,加,家,加上,家上,155,2
0,科,柯,科米,柯米,155,0
0,國,刊,國家,刊家,155,0
0,回,爭,回归,爭归,155,0
1,断,段,判断,判段,154,0
1,好,号,友好,友号,154,0
1,事,是,行事,行是,154,0
0,极,即,极大,即大,154,0
0,幸,性,幸福,性福,154,0
0,致,置,致命,置命,154,0
0,画,话,画面,话面,154,0
1,线,限,在线,在限,154,0
1,天,添,两天,两添,154,0
1,缘,原,边缘,边原,154,0
0,这,浙,这片,浙片,154,0
1,物,务,生物,生务,154,0
1,报,暴,回报,回暴,154,0
1,荡,档,动荡,动档,154,0
0,金,今,金融,今融,153,0
0,教,较,教练,较练,153,0
0,妇,附,妇女,附女,153,0
0,毕,避,毕业,避业,153,0
0,明,名,明年,名年,153,0
1,整,拯,完整,完拯,153,0
0,一,宜,一生,宜生,153,0
0,颜,延,颜色,延色,153,0
1,算,蒜,计算,计蒜,152,0
1,型,行,典型,典行,152,0
0,同,童,同性,童性,152,0
1,假,贾,虚假,虚贾,152,0
0,消,销,消除,销除,152,0
0,边,编,边界,编界,152,0
1,见,件,异见,异件,152,0
0,始,使,始终,使终,152,0
1,美,每,中美,中每,152,0
1,明,名,聪明,聪名,152,0
1,制,智,抵制,抵智,151,0
1,篇,偏,这篇,这偏,151,0
0,被,备,被控,备控,151,0
1,签,千,标签,标千,151,0
1,子,紫,帖子,帖紫,151,0
0,回,爭,回复,爭复,151,0
0,瑞,锐,瑞典,锐典,151,0
0,新,心,新年,心年,150,0
0,毫,間,毫无,間无,150,0
1,露,路,暴露,暴路,150,0
1,出,初,超出,超初,150,0
0,专,砖,专栏,砖栏,150,0
0,却,确,却是,确是,150,1
1,工,公,特工,特公,150,0
1,加,家,添加,添家,150,0
0,条,调,条约,调约,150,0
1,路,露,铁路,铁露,150,0
1,线,现,路线,路现,150,0
0,大,場,大胆,場胆,150,0
1,泽,择,成泽,成择,150,0
0,将,江,将近,江近,150,0
1,市,是,该市,该是,150,7
0,到,道,到处,道处,149,0
0,带,代,带到,代到,149,0
0,撤,彻,撤离,彻离,149,0
0,一,宜,一日,宜日,149,0
1,麼,清,什麼,什清,149,0
0,类,累,类型,累型,149,0
0,一,疑,一種,疑種,149,0
1,樣,善,這樣,這善,149,0
1,作,做,创作,创做,149,0
1,要,药,就要,就药,149,0
1,领,岭,占领,占岭,149,0
1,千,签,三千,三签,149,0
1,动,洞,主动,主洞,148,0
0,专,砖,专注,砖注,148,0
1,于,渔,过于,过渔,148,0
1,似,四,相似,相四,148,0
0,信,衅,信仰,衅仰,148,0
0,独,读,独特,读特,148,0
0,亲,侵,亲戚,侵戚,148,0
1,质,置,本质,本置,148,0
1,跃,月,活跃,活月,148,0
0,脆,粹,脆弱,粹弱,148,0
1,出,初,演出,演初,148,0
1,轮,伦,邮轮,邮伦,148,0
1,来,它,过来,过它,148,0
1,造,它,打造,打它,147,0
1,盖,概,掩盖,掩概,147,0
0,账,胀,账户,胀户,147,0
1,成,承,当成,当承,147,0
0,现,限,现有,限有,147,0
1,对,队,派对,派队,147,0
0,孤,估,孤立,估立,147,0
1,們,与,它們,它与,147,0
1,著,助,显著,显助,146,0
1,丝,斯,粉丝,粉斯,146,0
1,判,時,审判,审時,146,0
0,火,伙,火箭,伙箭,146,0
0,美,每,美好,每好,146,0
0,点,典,点击,典击,146,0
1,家,嘉,两家,两嘉,146,0
1,到,道,送到,送道,146,0
1,暂,赞,短暂,短赞,146,0
0,工,公,工程,公程,146,0
0,辞,词,辞职,词职,146,0
0,塑,诉,塑造,诉造,146,0
0,提,题,提前,题前,146,0
0,地,蒂,地图,蒂图,145,0
1,慌,荒,恐慌,恐荒,145,0
1,长,常,漫长,漫常,145,0
0,听,厅,听说,厅说,145,0
0,头,投,头发,投发,145,0
1,其,奇,极其,极奇,145,0
0,兴,星,兴奋,星奋,145,0
0,出,初,出发,初发,144,0
0,失,师,失踪,师踪,144,0
0,一,移,一本,移本,144,0
0,剩,胜,剩下,胜下,144,0
1,始,使,開始,開使,144,0
1,离,備,远离,远備,144,0
0,技,计,技巧,计巧,144,0
1,栋,动,一栋,一动,144,2
0,般,班,般的,班的,144,0
0,沟,勾,沟通,勾通,144,0
1,加,家,施加,施家,144,0
1,是,示,真是,真示,144,0
0,镜,静,镜头,静头,143,0
0,集,疾,集体,疾体,143,0
0,成,惩,成绩,惩绩,143,0
0,由,油,由此,油此,143,0
1,队,对,部队,部对,143,0
1,待,代,虐待,虐代,143,0
1,测,策,猜测,猜策,143,0
0,古,骨,古老,骨老,143,0
0,性,仅,性爱,仅爱,142,0
1,绘,会,描绘,描会,142,0
0,球,求,球队,求队,142,0
1,滩,贪,海滩,海贪,142,0
1,除,厨,删除,删厨,142,0
0,船,传,船只,传只,142,0
0,呼,忽,呼吸,忽吸,142,0
1,便,变,方便,方变,142,0
0,纪,际,纪念,际念,141,0
0,可,渴,可靠,渴靠,141,0
1,型,行,小型,小行,141,0
1,度,杜,年度,年杜,141,0
1,以,已,予以,予已,141,0
0,为,卫,为何,卫何,141,0
0,这,浙,这栋,浙栋,141,0
1,立,力,设立,设力,141,0
0,悲,杯,悲伤,杯伤,141,0
0,合,和,合同,和同,141,0
1,后,候,此后,此候,141,0
0,沿,言,沿着,言着,141,0
0,排,牌,排除,牌除,141,0
0,后,候,后面,候面,140,0
0,感,敢,感谢,敢谢,140,0
1,艘,设,一艘,一设,140,0
1,守,首,遵守,遵首,140,0
0,地,递,地面,递面,140,0
1,物,务,礼物,礼务,140,0
1,现,腺,展现,展腺,140,0
0,相,香,相同,香同,140,0
0,条,调,条款,调款,140,0
1,员,元,雇员,雇元,140,0
0,去,趣,去过,趣过,140,0
0,沮,举,沮丧,举丧,140,0
1,纪,济,年纪,年济,140,0
0,玻,波,玻璃,波璃,139,0
0,共,贡,共识,贡识,139,0
1,所,索,场所,场索,139,0
1,部,不,外部,外不,139,0
0,沙,杀,沙特,杀特,139,0
0,阻,组,阻碍,组碍,139,0
0,滑,华,滑雪,华雪,139,0
0,反,返,反抗,返抗,139,0
0,图,徒,图片,徒片,139,0
1,岸,案,海岸,海案,139,0
0,不,部,不必,部必,139,0
0,清,倾,清洗,倾洗,139,0
1,和,何,温和,温何,138,0
1,有,友,含有,含友,138,0
1,上,尚,马上,马尚,138,0
0,额,俄,额外,俄外,138,0
0,数,树,数月,树月,138,0
0,进,尽,进程,尽程,138,0
0,反,返,反复,返复,138,0
0,翻,帆,翻译,帆译,138,0
1,暗,案,黑暗,黑案,138,0
1,级,极,超级,超极,138,0
1,弟,地,弟弟,弟地,138,0
0,航,行,航空,行空,138,0
1,机,击,动机,动击,138,0
0,资,兹,资助,兹助,138,0
0,新,心,新鲜,心鲜,138,0
1,為,乐,華為,華乐,138,0
1,权,全,授权,授全,138,0
1,露,路,泄露,泄路,138,0
1,减,检,削减,削检,137,0
0,现,陷,现金,陷金,137,0
1,弹,但,炸弹,炸但,137,0
1,苗,描,疫苗,疫描,137,0
0,激,基,激进,基进,137,0
1,击,基,抨击,抨基,137,0
1,刻,克,立刻,立克,137,1
0,轻,青,轻松,青松,137,0
1,动,見,互动,互見,136,0
1,守,首,保守,保首,136,0
1,计,际,统计,统际,136,0
1,子,紫,电子,电紫,136,0
0,库,酷,库什,酷什,136,0
1,其,奇,与其,与奇,136,0
0,意,易,意愿,易愿,136,0
0,邻,林,邻国,林国,136,0
1,婚,昏,离婚,离昏,136,0
0,贫,频,贫困,频困,136,0
1,行,航,出行,出航,136,2
0,承,乘,承受,乘受,136,0
0,大,場,大国,場国,136,0
1,尔,動,科尔,科動,136,0
0,它,捐,它会,捐会,136,0
0,有,友,有过,友过,136,0
0,形,行,形容,行容,136,0
1,行,航,运行,运航,135,0
0,先,鲜,先进,鲜进,135,0
1,见,件,会见,会件,135,0
0,公,攻,公主,攻主,135,0
0,资,它,资本,它本,135,0
1,威,危,权威,权危,135,0
0,地,第,地铁,第铁,135,0
0,始,無,始于,無于,135,0
0,极,她,极为,她为,135,0
1,名,明,几名,几明,135,0
0,成,程,成熟,程熟,135,0
0,姿,滋,姿态,滋态,135,0
1,户,护,窗户,窗护,135,0
0,魅,妹,魅力,妹力,134,0
0,腾,藤,腾讯,藤讯,134,0
1,星,兴,卫星,卫兴,134,0
0,皮,抨,皮肤,抨肤,134,0
1,决,觉,裁决,裁觉,134,0
1,慧,会,智慧,智会,134,0
0,预,愈,预算,愈算,134,0
0,沉,陈,沉默,陈默,134,0
0,武,五,武装,五装,134,0
1,序,续,秩序,秩续,134,0
0,舞,五,舞台,五台,134,2
0,气,汽,气氛,汽氛,134,0
1,丽,利,美丽,美利,134,0
0,期,七,期望,七望,134,0
1,对,队,一对,一队,134,16
1,片,骗,芯片,芯骗,134,0
1,事,是,一事,一是,134,22
1,任,认,现任,现认,134,0
1,伸,身,延伸,延身,133,0
1,建,见,重建,重见,133,1
1,为,卫,颇为,颇卫,133,0
0,以,已,以此,已此,133,0
1,协,鞋,妥协,妥鞋,133,0
1,民,會,平民,平會,133,1
0,自,字,自治,字治,133,0
1,笔,比,这笔,这比,133,29
0,帝,地,帝国,地国,133,0
0,吃,痴,吃饭,痴饭,133,0
1,大,場,加大,加場,133,0
0,毒,独,毒品,独品,133,0
1,除,厨,拆除,拆厨,133,0
1,百,摆,六百,六摆,133,0
0,一,移,一枚,移枚,132,0
1,色,瑟,特色,特瑟,132,0
0,旅,侣,旅客,侣客,132,0
1,种,肿,物种,物肿,132,0
0,大,場,大麻,場麻,132,0
1,客,克,政客,政克,132,0
0,自,字,自动,字动,132,0
1,越,月,超越,超月,132,0
1,出,初,得出,得初,132,0
0,人,仁,人才,仁才,132,0
1,起,個,这起,这個,132,0
0,每,美,每日,美日,131,11
1,直,值,简直,简值,131,0
1,视,试,重视,重试,131,0
1,来,它,进来,进它,131,0
1,格,隔,资格,资隔,131,0
1,穷,琼,贫穷,贫琼,131,0
1,涨,店,上涨,上店,131,0
0,曝,瀑,曝光,瀑光,131,0
1,长,常,部长,部常,131,0
0,婚,昏,婚礼,昏礼,131,0
1,个,各,哪个,哪各,131,0
1,藏,脏,隐藏,隐脏,131,0
0,强,墙,强迫,墙迫,131,0
1,衅,信,挑衅,挑信,131,0
0,知,之,知名,之名,131,14
0,最,罪,最早,罪早,131,0
0,金,今,金钱,今钱,131,0
0,登,灯,登上,灯上,131,1
1,学,穴,文学,文穴,131,0
0,罗,記,罗马,記马,131,0
0,激,鸡,激增,鸡增,131,0
0,微,給,微妙,給妙,130,0
0,几,己,几次,己次,130,0
0,不,布,不敢,布敢,130,0
1,确,却,准确,准却,130,0
0,研,严,研发,严发,130,0
1,略,掠,忽略,忽掠,130,0
0,冒,贸,冒险,贸险,130,0
1,程,為,行程,行為,130,35
1,腊,蜡,希腊,希蜡,130,0
0,警,景,警惕,景惕,130,0
0,紧,谨,紧密,谨密,130,0
1,决,绝,判决,判绝,130,0
0,一,移,一架,移架,129,0
0,前,钱,前任,钱任,129,0
0,回,爭,回国,爭国,129,0
1,出,初,支出,支初,129,0
0,地,第,地板,第板,129,0
1,道,到,渠道,渠到,129,0
1,争,征,抗争,抗征,129,0
0,冲,充,冲击,充击,129,0
0,一,移,一批,移批,129,0
0,自,字,自豪,字豪,129,0
0,意,异,意图,异图,129,0
0,共,贡,共有,贡有,129,0
1,可,渴,许可,许渴,129,0
1,护,户,庇护,庇户,129,0
0,识,十,识别,十别,129,0
1,是,似,這是,這似,129,0
1,启,起,开启,开起,129,2
1,也,野,再也,再野,129,0
1,育,欲,生育,生欲,129,0
1,出,初,说出,说初,129,0
1,酷,库,残酷,残库,128,0
0,连,計,连接,計接,128,0
1,会,慧,协会,协慧,128,0
0,不,布,不足,布足,128,0
0,罪,最,罪名,最名,128,0
0,好,号,好奇,号奇,128,0
1,待,代,看待,看代,128,0
1,底,抵,年底,年抵,128,0
1,作,座,运作,运座,128,0
1,静,境,平静,平境,127,0
0,规,归,规划,归划,127,0
0,時,路,時候,路候,127,0
0,学,穴,学术,穴术,127,0
0,依,一,依靠,一靠,127,1
1,度,杜,过度,过杜,127,0
1,动,洞,发动,发洞,127,0
1,和,何,缓和,缓何,127,0
0,大,場,大道,場道,127,0
0,思,斯,思维,斯维,126,0
1,学,穴,入学,入穴,126,0
0,议,义,议程,义程,126,0
0,阳,扬,阳光,扬光,126,0
1,格,革,伯格,伯革,126,0
0,不,部,不幸,部幸,126,0
0,摄,设,摄入,设入,126,0
1,久,九,永久,永九,126,0
0,互,户,互相,户相,126,0
1,境,與,入境,入與,126,0
1,急,极,紧急,紧极,126,0
1,言,研,发言,发研,125,0
0,赞,暂,赞扬,暂扬,125,0
0,美,每,美味,每味,125,0
1,事,是,叙事,叙是,125,0
0,中,钟,中期,钟期,125,0
1,情,擎,知情,知擎,125,0
0,地,第,地说,第说,125,1
0,妹,魅,妹妹,魅妹,125,0
1,设,社,开设,开社,125,0
1,判,時,被判,被時,125,0
1,望,忘,绝望,绝忘,125,0
0,刘,留,刘强,留强,125,0
0,一,移,一则,移则,125,0
1,意,疫,满意,满疫,124,0
0,吸,西,吸烟,西烟,124,0
0,地,第,地缘,第缘,124,0
1,种,肿,种种,种肿,124,0
1,号,好,口号,口好,124,0
1,天,添,三天,三添,124,0
1,流,留,主流,主留,124,0
1,照,赵,护照,护赵,124,0
1,石,时,化石,化时,124,0
0,呈,成,呈现,成现,124,0
1,人,仁,老人,老仁,124,0
1,除,厨,废除,废厨,124,0
1,来,莱,原来,原莱,124,0
0,宇,与,宇宙,与宙,124,0
1,术,数,手术,手数,124,0
0,负,副,负面,副面,124,0
1,到,道,起到,起道,123,0
0,正,政,正面,政面,123,0
1,钱,前,赚钱,赚前,123,0
0,形,行,形势,行势,123,0
1,来,莱,将来,将莱,123,0
0,认,任,认定,任定,123,0
0,桌,捉,桌子,捉子,123,0
1,餐,参,早餐,早参,123,0
1,图,徒,上图,上徒,123,0
0,名,明,名人,明人,123,0
1,见,舰,看见,看舰,123,0
0,宿,诉,宿舍,诉舍,123,0
1,救,就,拯救,拯就,123,0
1,疑,移,无疑,无移,123,0
1,速,诉,加速,加诉,123,0
0,上,尚,上诉,尚诉,123,0
0,爱,碍,爱情,碍情,123,0
0,忠,中,忠诚,中诚,122,0
1,已,以,而已,而以,122,0
1,是,事,要是,要事,122,0
1,革,隔,变革,变隔,122,0
1,重,虫,体重,体虫,122,0
0,关,官,关联,官联,122,0
0,据,距,据说,距说,122,0
0,专,砖,专制,砖制,122,0
0,度,肚,度假,肚假,122,0
0,局,橘,局面,橘面,122,0
1,色,瑟,蓝色,蓝瑟,122,0
1,行,航,罪行,罪航,122,0
0,解,姐,解除,姐除,122,0
0,协,胁,协助,胁助,122,0
1,份,分,省份,省分,122,0
1,及,疾,问及,问疾,122,0
0,肺,费,肺炎,费炎,122,0
1,子,紫,椅子,椅紫,121,0
1,裔,易,族裔,族易,121,0
0,合,和,合适,和适,121,0
1,记,纪,忘记,忘纪,121,0
0,塑,赚,塑料,赚料,121,0
1,部,不,西部,西不,121,0
0,传,船,传递,船递,121,0
0,司,斯,司法,斯法,121,0
0,武,五,武力,五力,121,0
1,动,冻,启动,启冻,121,0
0,延,言,延长,言长,121,0
0,示,事,示威,事威,121,0
1,产,阐,遗产,遗阐,121,0
0,不,部,不当,部当,121,0
1,达,答,传达,传答,121,0
1,价,假,房价,房假,121,0
0,例,利,例外,利外,121,0
0,迫,破,迫害,破害,121,0
0,设,社,设法,社法,121,0
1,雄,熊,英雄,英熊,121,0
0,一,移,一把,移把,120,0
1,见,件,偏见,偏件,120,0
1,际,济,洲际,洲济,120,0
1,住,助,抓住,抓助,120,0
0,赋,付,赋予,付予,120,0
1,场,厂,那场,那厂,120,0
1,滑,华,下滑,下华,120,0
0,赞,暂,赞美,暂美,120,0
1,示,是,揭示,揭是,120,0
0,大,場,大会,場会,120,0
1,就,旧,早就,早旧,120,0
0,忽,呼,忽视,呼视,120,0
0,公,宫,公正,宫正,120,0
1,人,仁,主人,主仁,120,0
0,秋,丘,秋天,丘天,120,0
1,众,重,大众,大重,119,0
1,小,晓,大小,大晓,119,0
1,明,名,透明,透名,119,0
1,静,境,安静,安境,119,0
0,捐,它,捐款,它款,119,0
1,径,镜,途径,途镜,119,0
0,没,嘛,没能,嘛能,119,0
0,练,恋,练习,恋习,119,0
1,业,夜,农业,农夜,119,0
0,屋,乌,屋顶,乌顶,119,0
0,指,只,指示,只示,119,0
1,球,求,月球,月求,119,0
1,先,鲜,优先,优鲜,119,0
0,从,丛,从中,丛中,119,0
0,杀,沙,杀死,沙死,119,0
1,上,尚,床上,床尚,119,0
1,有,友,患有,患友,118,0
1,于,余,低于,低余,118,0
1,出,初,走出,走初,118,0
0,斯,私,斯通,私通,118,0
1,伤,商,创伤,创商,118,0
1,动,見,劳动,劳見,118,0
0,局,橘,局势,橘势,118,0
1,辞,瓷,措辞,措瓷,118,0
0,封,它,封城,它城,118,0
0,脂,之,脂肪,之肪,118,0
0,看,瞰,看似,瞰似,118,0
0,强,墙,强制,墙制,118,0
1,结,洁,团结,团洁,118,0
0,预,體,预防,體防,118,0
0,税,睡,税收,睡收,118,0
1,星,兴,火星,火兴,118,0
0,之,支,之内,支内,118,0
1,上,尚,街上,街尚,117,0
1,谱,朴,食谱,食朴,117,0
1,果,嚴,水果,水嚴,117,0
1,石,食,钻石,钻食,117,0
0,称,撑,称赞,撑赞,117,0
1,献,现,贡献,贡现,117,0
0,經,缸,經濟,缸濟,117,0
1,贵,桂,昂贵,昂桂,117,0
1,到,道,等到,等道,117,0
1,购,构,收购,收构,117,0
0,港,岗,港口,岗口,117,0
1,享,响,共享,共响,117,0
1,信,衅,短信,短衅,117,0
1,会,汇,聚会,聚汇,116,0
0,欧,殴,欧元,殴元,116,0
1,量,粮,质量,质粮,116,0
0,西,希,西藏,希藏,116,0
1,是,似,更是,更似,116,0
0,微,危,微博,危博,116,0
0,不,部,不了,部了,116,0
1,生,声,丧生,丧声,116,0
1,鲜,先,海鲜,海先,116,0
1,住,助,记住,记助,116,0
0,燃,然,燃料,然料,116,0
1,塑,素,雕塑,雕素,116,0
0,上,尚,上任,尚任,116,0
0,具,拒,具备,拒备,116,0
0,单,丹,单独,丹独,116,0
0,大,場,大门,場门,116,0
0,舆,于,舆论,于论,116,0
0,咨,资,咨询,资询,116,0
1,源,员,能源,能员,116,0
1,华,滑,对华,对滑,116,0
1,笑,校,嘲笑,嘲校,116,0
1,贴,帖,补贴,补帖,116,0
0,家,加,家乡,加乡,115,0
1,断,段,诊断,诊段,115,0
0,色,瑟,色情,瑟情,115,0
0,第,蒂,第三,蒂三,115,0
0,在,再,在家,再家,115,0
1,一,移,同一,同移,115,0
1,申,身,重申,重身,115,0
0,欣,新,欣赏,新赏,115,0
0,娱,于,娱乐,于乐,115,0
0,有,友,有个,友个,115,0
1,制,置,管制,管置,115,0
1,忙,盲,帮忙,帮盲,115,0
1,使,始,大使,大始,115,0
1,上,尚,之上,之尚,115,0
0,午,五,午餐,五餐,114,0
1,心,新,野心,野新,114,0
1,主,煮,雇主,雇煮,114,0
1,厅,听,客厅,客听,114,0
0,一,遗,一台,遗台,114,0
1,近,禁,靠近,靠禁,114,0
1,色,瑟,绿色,绿瑟,114,0
1,架,价,绑架,绑价,114,0
0,保,宝,保密,宝密,114,0
1,多,咄,诸多,诸咄,114,0
0,审,沈,审视,沈视,114,0
0,据,具,据信,具信,114,0
0,起,企,起初,企初,114,0
1,事,试,刑事,刑试,114,0
0,公,工,公里,工里,114,0
0,回,爭,回去,爭去,114,0
0,一,移,一封,移封,114,0
0,严,言,严肃,言肃,113,0
0,考,烤,考验,烤验,113,0
0,避,話,避开,話开,113,0
1,利,例,有利,有例,113,0
1,尼,泥,印尼,印泥,113,0
0,比,笔,比尔,笔尔,113,0
1,手,首,选手,选首,113,0
1,慢,曼,缓慢,缓曼,113,0
0,治,制,治理,制理,113,0
1,相,香,首相,首香,113,0
1,方,坊,南方,南坊,113,0
0,装,庄,装饰,庄饰,113,0
1,话,化,通话,通化,113,0
1,情,擎,同情,同擎,113,0
1,幅,服,一幅,一服,113,0
0,户,护,户外,护外,113,0
0,运,孕,运转,孕转,113,0
0,住,注,住房,注房,112,0
0,弹,但,弹劾,但劾,112,0
1,客,克,博客,博克,112,2
0,游,嘲,游说,嘲说,112,0
0,露,录,露台,录台,112,0
0,机,基,机制,基制,112,0
1,经,京,未经,未京,112,0
1,胞,包,细胞,细包,112,0
1,个,各,六个,六各,112,0
1,欧,殴,脱欧,脱殴,112,0
1,代,戴,当代,当戴,112,0
1,策,测,决策,决测,112,0
1,們,於,人們,人於,112,0
1,决,觉,坚决,坚觉,112,0
0,有,友,有用,友用,112,0
1,受,售,备受,备售,112,0
0,交,焦,交换,焦换,112,0
1,哥,歌,哥哥,哥歌,112,0
1,东,冬,京东,京冬,112,0
1,多,咄,最多,最咄,112,0
0,太,态,太阳,态阳,112,0
1,渐,键,日渐,日键,111,0
1,育,预,体育,体预,111,0
1,情,擎,表情,表擎,111,0
1,娜,纳,李娜,李纳,111,0
0,介,界,介入,界入,111,0
1,旅,履,之旅,之履,111,0
0,东,冬,东部,冬部,111,0
0,不,步,不停,步停,111,0
1,繁,凡,频繁,频凡,111,0
0,列,烈,列入,烈入,111,0
1,天,添,冬天,冬添,111,0
1,像,项,图像,图项,111,0
1,有,友,国有,国友,111,0
1,校,效,该校,该效,111,0
1,于,愚,生于,生愚,111,0
0,有,友,有意,友意,111,0
1,地,第,内地,内第,111,0
1,文,闻,论文,论闻,111,0
0,微,危,微笑,危笑,111,0
1,往,网,飞往,飞网,110,0
0,衰,摔,衰退,摔退,110,0
0,解,姐,解读,姐读,110,0
0,救,就,救援,就援,110,0
1,长,常,擅长,擅常,110,0
1,设,摄,假设,假摄,110,0
0,尸,师,尸体,师体,110,0
1,单,丹,清单,清丹,110,0
0,小,晓,小鼠,晓鼠,110,0
1,晨,陈,凌晨,凌陈,110,0
0,物,务,物质,务质,110,0
0,受,設,受益,設益,109,0
1,真,從,认真,认從,109,0
1,决,绝,处决,处绝,109,0
0,格,隔,格外,隔外,109,0
0,播,波,播放,波放,109,0
0,干,甘,干扰,甘扰,109,0
1,體,预,媒體,媒预,109,0
1,圳,镇,深圳,深镇,109,0
0,没,媒,没法,媒法,109,0
0,营,迎,营地,迎地,109,0
0,那,娜,那位,娜位,109,0
0,股,谷,股份,谷份,109,0
1,烟,淹,香烟,香淹,108,0
0,不,部,不让,部让,108,0
0,掌,长,掌控,长控,108,0
0,愚,于,愚蠢,于蠢,108,0
1,架,价,框架,框价,108,0
1,天,添,春天,春添,108,0
1,置,致,设置,设致,108,0
1,带,待,地带,地待,108,3
0,大,場,大声,場声,108,0
0,上,尚,上市,尚市,108,0
1,场,厂,农场,农厂,108,0
1,漫,曼,浪漫,浪曼,108,0
0,携,协,携带,协带,108,0
1,陷,线,缺陷,缺线,108,0
0,案,岸,案例,岸例,108,0
1,留,刘,停留,停刘,107,0
0,美,每,美军,每军,107,0
0,重,崇,重复,崇复,107,0
1,上,尚,墙上,墙尚,107,0
0,突,凸,突破,凸破,107,0
1,支,之,枪支,枪之,107,0
1,备,背,装备,装背,107,0
1,点,典,焦点,焦典,107,0
0,企,起,企图,起图,107,0
1,务,物,义务,义物,107,0
0,这,浙,这句,浙句,107,0
1,常,长,日常,日长,107,0
1,域,预,海域,海预,107,0
1,期,七,日期,日七,107,0
1,穿,川,身穿,身川,107,0
0,援,员,援引,员引,107,0
0,这,浙,这套,浙套,107,0
0,孤,辜,孤独,辜独,107,0
0,减,检,减轻,检轻,107,0
0,舒,叔,舒服,叔服,107,0
1,规,归,法规,法归,107,0
0,青,轻,青年,轻年,107,0
0,生,声,生病,声病,106,0
1,覆,复,颠覆,颠复,106,0
1,量,梁,衡量,衡梁,106,0
1,主,瞩,为主,为瞩,106,0
1,应,硬,效应,效硬,106,0
0,反,返,反腐,返腐,106,0
0,疼,腾,疼痛,腾痛,106,0
1,区,趋,郊区,郊趋,106,0
0,聊,僚,聊天,僚天,106,0
1,以,已,加以,加已,106,0
0,大,場,大厦,場厦,106,0
1,案,按,此案,此按,106,0
1,牲,生,牺牲,牺生,106,0
0,文,闻,文字,闻字,106,0
0,澳,傲,澳门,傲门,106,0
0,源,元,源于,元于,106,0
1,害,亥,杀害,杀亥,106,0
1,是,示,便是,便示,106,0
1,域,寓,水域,水寓,105,0
1,学,穴,上学,上穴,105,0
1,抱,报,拥抱,拥报,105,0
1,置,致,装置,装致,105,0
1,治,制,法治,法制,105,15
0,声,生,声誉,生誉,105,0
0,窃,切,窃取,切取,105,0
1,动,洞,流动,流洞,105,0
1,型,行,模型,模行,105,0
1,计,纪,累计,累纪,105,0
0,保,開,保存,開存,105,0
1,防,房,国防,国房,105,0
0,涌,泳,涌入,泳入,105,0
0,何,合,何时,合时,105,0
0,监,间,监督,间督,105,0
0,列,劣,列车,劣车,105,0
1,关,官,无关,无官,105,0
0,喜,洗,喜爱,洗爱,105,0
1,化,划,强化,强划,105,0
0,好,号,好事,号事,105,0
1,除,厨,清除,清厨,105,0
0,有,友,有害,友害,105,0
1,循,寻,遵循,遵寻,105,0
1,怖,不,恐怖,恐不,104,0
1,池,持,电池,电持,104,0
1,具,剧,家具,家剧,104,0
1,涉,摄,干涉,干摄,104,0
0,阴,音,阴影,音影,104,0
1,廊,狼,走廊,走狼,104,0
1,去,趣,死去,死趣,104,0
1,意,易,创意,创易,104,0
0,融,容,融入,容入,104,0
0,行,航,行政,航政,104,0
1,价,架,廉价,廉架,104,0
0,伊,一,伊万,一万,104,33
0,太,泰,太过,泰过,104,0
0,资,兹,资料,兹料,104,0
1,力,例,活力,活例,104,0
0,区,趋,区别,趋别,104,0
0,假,甲,假期,甲期,104,0
1,访,仿,到访,到仿,104,0
0,一,遗,一方,遗方,104,0
1,下,夏,当下,当夏,104,0
1,为,未,身为,身未,104,0
0,处,础,处境,础境,104,0
1,犯,范,囚犯,囚范,104,0
0,切,窃,切断,窃断,104,0
1,视,式,无视,无式,104,0
1,動,態,活動,活態,104,0
0,岛,导,岛上,导上,104,0
1,物,务,宠物,宠务,104,0
0,融,容,融合,容合,104,0
1,照,召,拍照,拍召,103,0
1,踪,棕,跟踪,跟棕,103,0
1,密,秘,机密,机秘,103,0
0,实,十,实在,十在,103,0
1,间,奸,民间,民奸,103,0
0,分,纷,分配,纷配,103,0
0,数,束,数千,束千,103,0
0,享,想,享有,想有,103,0
0,动,洞,动力,洞力,103,0
1,快,块,加快,加块,103,0
0,文,闻,文革,闻革,103,0
0,情,擎,情況,擎況,103,0
0,四,對,四名,對名,103,0
1,细,系,仔细,仔系,103,0
0,幻,患,幻想,患想,103,0
0,巩,拱,巩固,拱固,103,0
1,月,越,每月,每越,103,0
0,修,休,修复,休复,102,0
1,炭,探,煤炭,煤探,102,0
1,上,尚,脸上,脸尚,102,0
1,习,袭,演习,演袭,102,0
0,覆,妇,覆盖,妇盖,102,0
0,景,警,景象,警象,102,0
1,教,较,佛教,佛较,102,0
0,八,巴,八百,巴百,102,0
0,和,何,和解,何解,102,0
0,捍,汉,捍卫,汉卫,102,0
1,议,意,决议,决意,102,16
1,出,初,派出,派初,102,0
1,次,刺,三次,三刺,102,0
1,意,义,随意,随义,102,0
1,称,撑,自称,自撑,102,0
0,境,径,境内,径内,102,0
1,建,键,创建,创键,102,0
0,接,街,接到,街到,102,1
0,身,深,身后,深后,102,0
0,劳,則,劳工,則工,102,0
1,越,月,穿越,穿月,102,0
0,仇,筹,仇恨,筹恨,102,0
0,股,骨,股市,骨市,101,0
0,获,或,获胜,或胜,101,0
1,压,押,打压,打押,101,0
1,害,骇,危害,危骇,101,0
0,元,源,元素,源素,101,0
1,市,是,超市,超是,101,0
0,电,店,电信,店信,101,0
1,向,像,通向,通像,101,0
0,社,设,社會,设會,101,0
1,非,啡,南非,南啡,101,0
0,火,伙,火灾,伙灾,101,0
1,荒,慌,饥荒,饥慌,101,0
1,党,挡,两党,两挡,101,0
1,向,像,面向,面像,101,1
0,单,担,单身,担身,101,0
1,训,逊,教训,教逊,101,0
0,股,谷,股票,谷票,101,0
0,经,惊,经典,惊典,101,0
1,励,力,激励,激力,101,0
0,已,以,已知,以知,100,0
1,处,楚,判处,判楚,100,0
0,维,为,维族,为族,100,0
1,度,杜,温度,温杜,100,0
1,码,马,密码,密马,100,0
1,菜,蔡,蔬菜,蔬蔡,100,0
0,精,经,精力,经力,100,0
0,城,承,城镇,承镇,100,0
1,亮,量,漂亮,漂量,100,0
1,低,滴,最低,最滴,100,0
0,小,晓,小镇,晓镇,100,0
1,已,以,早已,早以,100,0
1,下,夏,买下,买夏,100,0
0,患,换,患病,换病,100,0
0,拥,庸,拥挤,庸挤,100,0
1,导,岛,倡导,倡岛,100,0
1,权,全,特权,特全,100,0
